itemID,supplierID,currentPrice
1.1111E+11,56,5.95
1.1111E+11,69,5.99
1.1111E+11,95,4.46
1.1111E+11,113,6.56
1.1111E+11,134,5.44
1.1111E+11,153,5.96
1.11132E+11,54,15.87
1.11132E+11,125,11.46
1.11132E+11,129,11.47
1.11144E+11,55,21.65
1.11144E+11,75,13.88
1.11144E+11,80,13.32
1.11144E+11,187,11.53
1.11144E+11,200,20.73
1.11376E+11,29,8.55
1.11376E+11,79,5.99
1.11376E+11,130,6.17
1.11376E+11,164,6.03
1.11376E+11,201,6.52
1.11623E+11,71,253.98
1.11623E+11,101,354.15
1.11623E+11,113,383.18
1.11623E+11,145,267.66
1.11623E+11,159,336.14
1.11623E+11,172,297.63
1.11623E+11,213,258.58
1.11685E+11,214,33.24
1.11693E+11,39,192.57
1.11693E+11,59,340.31
1.11693E+11,70,221.7
1.11693E+11,105,326.23
1.11693E+11,127,225.13
1.11693E+11,158,223.15
1.11693E+11,188,325.8
1.11693E+11,201,228.45
1.11826E+11,216,19.57
1.11835E+11,25,14.21
1.11835E+11,126,12.07
1.11873E+11,16,31.3
1.11873E+11,39,21.11
1.11873E+11,72,21.88
1.11873E+11,99,25.13
1.11873E+11,106,24.57
1.11873E+11,150,22.56
1.11873E+11,169,24.07
1.119E+11,106,6.94
1.119E+11,155,3.98
1.119E+11,164,7.25
1.119E+11,179,4.72
1.11903E+11,151,20.51
1.11946E+11,87,38.47
1.11946E+11,112,17.26
1.11946E+11,166,20.57
1.11946E+11,196,27.83
1.11954E+11,86,21.95
1.11954E+11,135,19.7
1.11954E+11,155,28.14
1.11954E+11,191,19.03
1.11954E+11,203,18.53
1.11954E+11,25,28.93
1.11954E+11,46,19.4
1.11954E+11,139,20.13
1.11954E+11,220,37.28
1.1197E+11,14,34.64
1.1197E+11,34,29.21
1.1197E+11,82,31.85
1.1197E+11,142,29.27
1.1197E+11,163,29.13
1.1197E+11,194,26.32
1.1197E+11,199,32.72
1.11986E+11,96,18.03
1.11986E+11,215,13.87
1.11986E+11,221,7.4
1.11986E+11,11,18.18
1.11986E+11,21,16.73
1.11986E+11,23,17.9
1.11986E+11,36,9.36
1.11986E+11,114,16.72
1.11986E+11,119,20.81
1.11986E+11,133,21.62
1.11986E+11,156,26.7
1.11986E+11,190,14.6
1.11986E+11,194,23.12
1.11992E+11,55,54.07
1.11992E+11,77,31.76
1.11992E+11,208,64.8
1.11992E+11,209,25.3
1.11992E+11,220,41.82
1.1206E+11,181,25.39
1.1206E+11,198,19.39
1.1206E+11,200,27.94
1.12066E+11,25,51.27
1.12066E+11,79,31.42
1.12066E+11,216,67.47
1.12066E+11,4,24.83
1.12066E+11,67,25.36
1.12066E+11,97,44.13
1.12066E+11,115,30.75
1.12066E+11,220,24.66
1.12087E+11,106,104.68
1.12087E+11,221,94.94
1.12171E+11,88,33.31
1.12171E+11,93,35.61
1.12171E+11,111,43.52
1.12171E+11,130,35.15
1.12171E+11,142,34.31
1.12171E+11,159,34
1.12171E+11,176,32.77
1.12171E+11,182,30.87
1.12171E+11,184,31.39
1.12173E+11,129,9.69
1.12173E+11,182,7.28
1.12185E+11,136,41.36
1.12185E+11,174,23.68
1.12185E+11,178,34.16
1.12185E+11,218,48.79
1.12189E+11,45,15.35
1.12189E+11,156,21.59
1.12218E+11,150,31.24
1.12218E+11,213,39.85
1.1222E+11,3,11.03
1.1222E+11,42,6.62
1.1222E+11,145,6.45
1.1222E+11,176,5.76
1.1222E+11,221,8.27
1.12226E+11,53,79.48
1.12226E+11,68,61.49
1.12226E+11,172,163.82
1.12227E+11,117,62.26
1.12228E+11,33,46.69
1.12228E+11,42,37.65
1.12228E+11,133,60.57
1.12228E+11,146,55.25
1.12228E+11,149,28.69
1.12233E+11,11,32.52
1.12233E+11,169,45.98
1.12233E+11,205,33.51
1.12238E+11,8,49.98
1.12238E+11,80,46.71
1.12238E+11,124,34.34
1.12238E+11,220,47.19
1.12248E+11,1,13.71
1.12248E+11,9,27.84
1.12248E+11,128,24.47
1.12248E+11,142,24.49
1.12248E+11,209,26.99
1.1226E+11,186,14.68
1.12261E+11,15,16.89
1.12261E+11,20,31.1
1.12261E+11,203,29.12
1.12262E+11,50,41.55
1.12262E+11,137,40.69
1.12262E+11,207,44.45
1.12263E+11,113,13.92
1.12263E+11,207,33.91
1.12264E+11,31,64.03
1.12264E+11,38,89.16
1.12264E+11,164,66.91
1.12265E+11,187,48.53
1.12265E+11,207,57.68
1.12265E+11,214,47.39
1.21584E+11,3,40.77
1.21584E+11,41,41.34
1.21584E+11,110,56.04
1.21599E+11,20,194.29
1.21599E+11,91,257.89
1.21599E+11,122,344.17
1.21611E+11,18,43.8
1.21611E+11,19,37.16
1.21611E+11,80,30.8
1.21611E+11,180,38.19
1.21611E+11,209,27.4
1.21628E+11,46,13.96
1.21628E+11,114,11.29
1.21628E+11,172,17.88
1.21628E+11,177,8.67
1.21628E+11,206,10.76
1.21632E+11,11,7.83
1.21632E+11,40,5.39
1.21632E+11,122,6.46
1.21632E+11,154,8.89
1.21747E+11,12,27.52
1.21747E+11,110,18.57
1.21747E+11,124,33.03
1.21747E+11,143,26.83
1.21896E+11,4,70.89
1.21938E+11,14,105.58
1.21938E+11,21,70.17
1.21938E+11,50,94.14
1.21938E+11,101,75.6
1.21983E+11,125,35.22
1.21983E+11,130,28.74
1.21983E+11,137,51.43
1.21983E+11,148,33.47
1.21983E+11,215,24.89
1.22004E+11,105,36.11
1.22004E+11,212,47.27
1.22017E+11,10,22.54
1.22017E+11,32,21.52
1.22017E+11,39,17.12
1.22017E+11,69,27.35
1.22017E+11,92,23.06
1.22017E+11,174,23.77
1.22017E+11,33,349.45
1.22017E+11,50,477.01
1.22017E+11,78,413.12
1.22017E+11,116,381.37
1.22017E+11,122,350.25
1.22093E+11,82,2.35
1.22093E+11,107,2.96
1.22093E+11,113,2.03
1.22093E+11,132,1.82
1.22093E+11,180,2.92
1.22093E+11,191,2.58
1.22105E+11,26,43.89
1.22105E+11,66,40.69
1.22105E+11,86,46.34
1.22105E+11,87,42.55
1.22105E+11,198,38.23
1.22182E+11,83,14.8
1.22182E+11,120,11.32
1.22182E+11,159,5.63
1.22182E+11,173,14.06
1.22182E+11,176,11.62
1.22182E+11,189,13.86
1.22192E+11,66,8.04
1.22192E+11,116,5.64
1.22192E+11,136,6.14
1.22202E+11,15,9.65
1.22202E+11,56,14.59
1.22202E+11,81,16.61
1.22202E+11,114,13.7
1.22202E+11,152,11.33
1.22202E+11,176,15.86
1.22202E+11,36,30.02
1.22202E+11,78,27.8
1.22202E+11,113,23.23
1.22202E+11,164,35.22
1.22202E+11,168,29.29
1.22224E+11,22,31.58
1.22224E+11,62,41.06
1.22224E+11,68,59.03
1.22224E+11,104,48.76
1.22224E+11,124,41.92
1.22224E+11,147,31.58
1.22224E+11,185,36.59
1.22228E+11,10,9.65
1.22228E+11,93,16.85
1.22228E+11,97,19.41
1.22228E+11,164,11.27
1.22228E+11,218,12.53
1.22249E+11,25,24.71
1.22249E+11,122,21.13
1.22249E+11,16,96.79
1.22249E+11,33,76.19
1.22249E+11,110,122.08
1.22249E+11,113,97.51
1.22249E+11,214,144.37
1.22253E+11,8,36.96
1.22253E+11,76,26.97
1.22253E+11,105,47.3
1.22253E+11,124,46.23
1.22254E+11,22,17.75
1.22254E+11,31,28.54
1.22254E+11,43,12.81
1.22254E+11,108,27.13
1.22254E+11,111,19.72
1.22254E+11,157,25.28
1.22255E+11,56,22.82
1.22255E+11,69,20.65
1.22255E+11,72,43.29
1.22255E+11,157,35.55
1.22255E+11,203,34.37
1.2227E+11,15,25.97
1.2227E+11,122,60.52
1.2227E+11,212,30.97
1.2227E+11,222,33.81
1.22273E+11,38,12.51
1.22273E+11,76,14.13
1.22273E+11,194,12.23
1.22273E+11,69,10.88
1.22273E+11,125,16.85
1.22273E+11,140,9.43
1.22273E+11,201,13.42
1.22274E+11,200,37.73
1.22274E+11,207,26.11
1.22277E+11,14,36.37
1.22277E+11,39,20.2
1.2228E+11,21,38.42
1.2228E+11,30,22.45
1.2228E+11,33,50.05
1.2228E+11,142,44.13
1.2228E+11,160,49.36
1.2228E+11,218,30.58
1.22286E+11,43,21.36
1.22286E+11,128,22.33
1.22286E+11,143,28.27
1.22286E+11,162,24.05
1.22286E+11,221,16.26
1.22288E+11,23,110.96
1.22288E+11,161,117.98
1.22288E+11,167,147.06
1.2229E+11,3,68.34
1.2229E+11,149,61.09
1.2229E+11,155,55.92
1.2229E+11,187,50.86
1.2229E+11,220,88.64
1.22295E+11,11,56.41
1.22295E+11,45,32.21
1.22295E+11,83,48.38
1.22295E+11,206,39.89
1.22295E+11,207,51.99
1.22297E+11,15,22.91
1.22297E+11,17,30.99
1.22297E+11,43,36
1.22297E+11,101,39.69
1.22297E+11,148,28.1
1.22297E+11,182,22.23
1.22297E+11,38,37.56
1.22297E+11,59,51.91
1.22297E+11,62,30.71
1.22297E+11,121,19.84
1.22298E+11,29,42.51
1.22298E+11,30,54.95
1.22298E+11,69,23.02
1.22298E+11,75,30.41
1.22298E+11,116,35.8
1.22298E+11,181,20.2
1.22303E+11,18,42.03
1.22303E+11,19,34.36
1.22303E+11,53,33.83
1.22303E+11,163,50.72
1.22303E+11,179,24.07
1.22303E+11,208,31.6
1.22305E+11,35,6.09
1.22305E+11,125,7.99
1.22305E+11,169,3.14
1.22305E+11,174,5.93
1.22305E+11,178,5.48
1.22305E+11,203,4.31
1.22305E+11,217,5.41
1.31494E+11,41,81.85
1.31494E+11,70,118.6
1.31494E+11,118,92.72
1.31494E+11,178,113.56
1.3173E+11,62,26.85
1.3173E+11,66,24.89
1.3173E+11,111,29.03
1.3173E+11,141,37.31
1.3173E+11,162,36.97
1.3173E+11,194,44.88
1.3173E+11,208,29.36
1.31769E+11,57,328.49
1.31769E+11,137,360.82
1.31769E+11,159,414.7
1.31769E+11,223,302.02
1.3179E+11,34,199.07
1.3179E+11,43,248.33
1.3179E+11,84,255.19
1.3179E+11,106,387.09
1.3179E+11,151,237.1
1.3179E+11,153,330.86
1.31828E+11,20,13.7
1.31828E+11,105,33.61
1.31828E+11,132,20.46
1.31828E+11,184,9.47
1.31846E+11,88,401
1.31846E+11,108,360.91
1.31846E+11,156,439.76
1.31846E+11,172,525.89
1.31846E+11,187,462.01
1.31846E+11,205,509.6
1.31861E+11,141,414.68
1.31874E+11,37,351.67
1.3188E+11,84,683.76
1.3188E+11,108,936.4
1.3188E+11,113,302.4
1.3188E+11,125,337.68
1.3188E+11,136,478.61
1.31898E+11,29,14.99
1.31898E+11,30,17.03
1.31898E+11,56,17.53
1.31898E+11,66,10.93
1.31898E+11,92,17.66
1.31898E+11,114,12.33
1.31898E+11,173,20.12
1.31936E+11,185,341.85
1.31936E+11,203,290.88
1.31949E+11,16,17.5
1.31949E+11,19,9.37
1.31949E+11,74,14.66
1.31949E+11,80,9.59
1.31949E+11,117,11.97
1.31949E+11,125,12.16
1.31949E+11,157,12.59
1.31949E+11,200,17.38
1.31949E+11,210,16.81
1.32047E+11,2,28.66
1.32047E+11,6,19.21
1.32047E+11,25,34.4
1.32047E+11,112,19.62
1.32047E+11,149,26.79
1.32048E+11,28,25.64
1.32048E+11,123,17.9
1.32048E+11,132,20.79
1.32048E+11,169,20.18
1.32048E+11,210,29.09
1.32048E+11,48,13.26
1.32048E+11,49,20.66
1.32048E+11,51,22.21
1.32048E+11,96,18.75
1.32048E+11,140,16.49
1.32048E+11,141,22.66
1.32048E+11,172,19.94
1.32049E+11,37,19.4
1.32049E+11,147,13.63
1.32049E+11,211,15.07
1.3205E+11,7,15.39
1.3205E+11,123,7.21
1.3205E+11,136,5.77
1.3205E+11,153,21.69
1.3205E+11,12,30.01
1.3205E+11,103,15.29
1.3205E+11,200,19.9
1.3205E+11,208,17.71
1.3205E+11,208,14.88
1.32061E+11,56,14.07
1.32061E+11,81,15.47
1.32061E+11,182,17.47
1.41595E+11,11,13.58
1.41595E+11,18,27.11
1.41595E+11,124,15.04
1.41595E+11,151,11.43
1.41607E+11,29,83.56
1.41607E+11,143,102.93
1.41607E+11,157,112.02
1.41685E+11,25,23.61
1.41685E+11,91,20.03
1.41685E+11,104,30.71
1.41745E+11,14,87.98
1.41745E+11,32,154.01
1.41745E+11,45,105.62
1.41745E+11,49,99.36
1.41745E+11,95,224.32
1.41745E+11,129,118.54
1.41745E+11,155,101.61
1.41745E+11,202,116.81
1.41745E+11,216,101.6
1.41763E+11,34,42.28
1.41763E+11,171,25.02
1.41763E+11,208,47.35
1.41763E+11,222,24.81
1.41765E+11,18,47.67
1.41765E+11,132,27.2
1.41816E+11,3,15.06
1.41816E+11,65,12.56
1.41816E+11,210,10.53
1.41816E+11,222,17.46
1.41838E+11,1,95
1.41838E+11,29,63.63
1.41838E+11,112,65.9
1.41838E+11,120,66.69
1.41838E+11,127,74.23
1.41838E+11,213,81.14
1.41849E+11,36,256.31
1.41849E+11,112,344.58
1.41849E+11,167,273.54
1.41849E+11,176,213.09
1.41849E+11,223,338.17
1.41971E+11,13,14.78
1.41971E+11,67,15.59
1.41971E+11,71,10.81
1.41971E+11,78,21.18
1.41971E+11,111,8.89
1.41997E+11,3,32.17
1.41997E+11,41,40.32
1.41997E+11,106,31.38
1.41997E+11,114,52.1
1.41997E+11,169,19.55
1.41997E+11,194,23.99
1.41997E+11,207,37.23
1.42026E+11,91,4.42
1.42026E+11,108,5.42
1.42026E+11,137,2.78
1.42026E+11,148,3.23
1.42026E+11,185,3.18
1.42026E+11,220,2.63
1.42033E+11,1,865.96
1.42033E+11,14,936.25
1.42033E+11,20,423.8
1.42033E+11,61,549.29
1.42033E+11,117,817.76
1.42084E+11,70,221.34
1.42084E+11,164,297.86
1.42084E+11,173,231.42
1.4217E+11,9,693.96
1.4217E+11,67,562.57
1.4217E+11,104,287.36
1.4217E+11,171,544.61
1.4217E+11,188,270.95
1.4217E+11,189,438.11
1.4217E+11,204,377.88
1.4217E+11,218,364.31
1.42211E+11,31,207.55
1.42211E+11,35,111.75
1.42211E+11,54,106.46
1.42211E+11,137,156.95
1.42211E+11,219,128.05
1.42235E+11,60,394.83
1.42235E+11,65,588.8
1.42235E+11,170,224.87
1.42235E+11,221,472.7
1.42235E+11,48,45.38
1.42235E+11,62,49.96
1.42235E+11,77,68.3
1.42235E+11,139,71.74
1.42235E+11,145,69.58
1.42235E+11,158,60.89
1.42235E+11,187,48.03
1.4224E+11,12,48.44
1.4224E+11,31,73.33
1.4224E+11,123,65.66
1.4224E+11,139,47.33
1.4224E+11,146,93.94
1.4224E+11,168,38.38
1.4224E+11,171,34.25
1.4224E+11,37,37.34
1.4224E+11,213,24.26
1.42242E+11,48,159.6
1.42242E+11,118,219.16
1.42242E+11,169,192.63
1.42242E+11,213,190.11
1.42242E+11,216,156.25
1.51907E+11,145,145.14
1.51907E+11,156,148.11
1.51989E+11,16,51.02
1.51989E+11,45,52.97
1.51989E+11,65,53.68
1.51989E+11,202,62.99
1.51993E+11,186,199.8
1.52044E+11,33,9.25
1.52044E+11,62,18.15
1.52044E+11,82,10.92
1.52044E+11,94,10.43
1.52044E+11,206,14.8
1.5206E+11,2,2.43
1.5206E+11,146,3.33
1.52069E+11,165,8.68
1.52069E+11,222,8.6
1.52069E+11,6,41.35
1.52069E+11,18,16.27
1.52069E+11,33,20.72
1.52069E+11,175,28.32
1.52101E+11,103,4.89
1.52101E+11,109,6.74
1.52101E+11,201,5.13
1.52101E+11,218,6.42
1.52137E+11,56,14.34
1.52137E+11,131,10.81
1.52137E+11,133,11.93
1.52137E+11,134,8.68
1.52137E+11,218,14.86
1.52152E+11,66,62.55
1.52152E+11,167,67.81
1.52169E+11,5,186.83
1.52169E+11,60,133.68
1.52169E+11,70,189.39
1.52192E+11,106,13.33
1.52192E+11,141,20.19
1.52192E+11,158,26.51
1.52224E+11,50,9.85
1.52224E+11,102,6.38
1.52224E+11,121,15.22
1.52224E+11,188,13.97
1.52224E+11,218,10.1
1.52224E+11,51,10.67
1.52224E+11,69,9.36
1.52224E+11,139,10.16
1.52224E+11,203,7.94
1.52232E+11,71,11.89
1.52232E+11,81,15.45
1.52232E+11,122,15.51
1.52232E+11,165,9.08
1.52232E+11,177,23.22
1.52232E+11,206,18.81
1.52341E+11,9,6.59
1.52341E+11,74,9.55
1.52341E+11,77,12.76
1.52341E+11,84,14.42
1.52341E+11,128,8.36
1.52341E+11,177,8.75
1.52356E+11,65,41.87
1.52364E+11,7,47.67
1.52364E+11,94,49.05
1.52364E+11,111,28.25
1.52364E+11,183,49.64
1.52364E+11,188,34.72
1.52364E+11,216,35.08
1.52389E+11,30,20.42
1.52389E+11,56,24.99
1.52389E+11,184,20.25
1.61696E+11,34,105.42
1.61696E+11,57,106.09
1.61696E+11,80,124.9
1.61696E+11,84,115.09
1.61696E+11,151,84.06
1.61696E+11,155,101.71
1.61696E+11,198,102
1.62009E+11,6,16.36
1.62009E+11,160,19.09
1.62009E+11,213,13.96
1.62015E+11,71,93.42
1.62015E+11,167,115.14
1.62015E+11,177,124.28
1.62015E+11,203,63.56
1.62178E+11,52,20.92
1.62178E+11,117,23.86
1.62178E+11,124,15.07
1.62178E+11,131,27.36
1.62178E+11,144,17.32
1.62201E+11,88,17.5
1.62201E+11,89,19.24
1.62229E+11,37,104.83
1.62229E+11,125,99.76
1.62229E+11,209,131.4
1.62229E+11,213,156.44
1.62229E+11,223,94.81
1.62259E+11,95,30.71
1.62259E+11,135,48.2
1.62259E+11,136,35.66
1.62259E+11,93,21.88
1.62259E+11,174,16.59
1.62263E+11,88,27.2
1.62263E+11,91,22.74
1.62263E+11,132,36.24
1.62263E+11,218,24.29
1.62311E+11,1,18.29
1.62311E+11,21,12.94
1.62311E+11,71,12.03
1.62311E+11,162,16.55
1.62319E+11,69,22.76
1.62319E+11,70,24.22
1.62319E+11,126,21.59
1.62319E+11,220,22.94
1.62319E+11,28,27.13
1.62319E+11,47,31.21
1.62319E+11,106,42.05
1.62319E+11,133,23.03
1.62319E+11,214,27.26
1.62319E+11,11,112.5
1.62319E+11,180,132.72
1.62319E+11,195,67.52
1.62319E+11,74,32.67
1.62319E+11,130,48.81
1.62319E+11,154,39.69
1.62319E+11,186,38.54
1.62319E+11,212,39.82
1.62319E+11,13,25.58
1.62319E+11,141,25.06
1.62319E+11,167,33.54
1.62321E+11,10,19.76
1.62321E+11,63,20.47
1.62321E+11,142,30.45
1.62321E+11,187,21.16
1.62329E+11,41,15.21
1.62329E+11,82,14.63
1.62329E+11,112,10.02
1.62329E+11,38,28.62
1.62329E+11,77,22.52
1.62329E+11,134,22.19
1.62329E+11,136,20.9
1.62329E+11,166,27.37
1.62335E+11,2,97.39
1.62335E+11,9,68.66
1.62335E+11,21,86.87
1.62335E+11,35,76.9
1.62335E+11,70,64.42
1.62335E+11,96,116.12
1.62335E+11,140,66.82
1.62347E+11,27,23.27
1.62347E+11,163,14.91
1.62347E+11,42,14.97
1.62347E+11,123,10.09
1.62347E+11,114,24.3
1.62347E+11,199,24.62
1.62347E+11,62,10.98
1.62347E+11,83,19.61
1.62347E+11,135,14.65
1.62353E+11,27,21.96
1.62353E+11,33,37.1
1.62353E+11,171,21.17
1.62355E+11,65,17.91
1.62355E+11,134,20.08
1.62355E+11,216,14.14
1.71415E+11,8,54.28
1.71415E+11,28,42.56
1.71415E+11,96,47.57
1.71415E+11,153,34.74
1.71535E+11,53,850.69
1.71535E+11,164,705.38
1.71535E+11,197,1012.65
1.71535E+11,218,885.09
1.71572E+11,1,490.89
1.71572E+11,107,360.3
1.71572E+11,125,473.94
1.71572E+11,157,411.8
1.71572E+11,180,355.19
1.71826E+11,14,155.13
1.71826E+11,23,164.1
1.71826E+11,46,112.66
1.71826E+11,62,113.82
1.71826E+11,142,210.16
1.71826E+11,163,149.61
1.71845E+11,38,101.4
1.71845E+11,77,89.95
1.71845E+11,79,108.53
1.71974E+11,4,19.25
1.71974E+11,15,16.41
1.71974E+11,57,25.25
1.71974E+11,126,19.83
1.72205E+11,63,8.5
1.72216E+11,97,118.42
1.72216E+11,119,126.95
1.72216E+11,152,108.55
1.72216E+11,172,111.75
1.72216E+11,216,152.41
1.72222E+11,7,269.12
1.72222E+11,46,354.44
1.72222E+11,63,349.73
1.72222E+11,147,287.24
1.72222E+11,181,262.47
1.72222E+11,185,235.46
1.72222E+11,192,374.14
1.72222E+11,221,202.59
1.72266E+11,22,31.81
1.72266E+11,28,37.46
1.72266E+11,81,39.41
1.72266E+11,85,61.35
1.72266E+11,94,34.87
1.72266E+11,127,37.13
1.72266E+11,194,52.39
1.72283E+11,23,170.33
1.72283E+11,57,105.26
1.72343E+11,25,5.36
1.72343E+11,69,4.22
1.7239E+11,167,21.28
1.72399E+11,26,59.23
1.72399E+11,130,53.11
1.72399E+11,161,38.88
1.724E+11,10,19.51
1.724E+11,122,12.14
1.724E+11,216,13.74
1.72401E+11,98,43.07
1.72401E+11,157,38.9
1.72401E+11,215,34.31
1.72401E+11,18,8.72
1.72401E+11,26,11.04
1.72401E+11,33,11.73
1.72401E+11,35,11.18
1.72401E+11,201,8.9
1.72452E+11,33,39.69
1.72452E+11,39,18.69
1.72452E+11,102,21.79
1.72452E+11,124,26.38
1.72452E+11,150,43.16
1.72452E+11,183,26.16
1.72452E+11,184,25.11
1.72457E+11,96,30.96
1.72457E+11,100,52.17
1.72457E+11,150,43.34
1.72457E+11,175,44.9
1.72468E+11,94,17.32
1.72468E+11,98,13.61
1.72473E+11,116,11.66
1.72475E+11,16,1.38
1.72475E+11,26,0.86
1.72475E+11,30,1.21
1.72475E+11,79,0.96
1.72475E+11,201,0.97
1.72476E+11,16,132.57
1.72476E+11,24,237.52
1.72476E+11,42,201.46
1.72476E+11,51,299.88
1.72476E+11,64,145.93
1.72476E+11,123,175.54
1.72476E+11,203,135.78
1.72476E+11,208,141.01
1.7248E+11,100,48.46
1.7248E+11,165,60.1
1.7248E+11,75,15.05
1.7248E+11,130,16.7
1.7248E+11,134,18.34
1.7248E+11,177,13.68
1.7248E+11,200,10.77
1.7248E+11,209,11.13
1.7248E+11,223,11.74
1.72482E+11,154,33.23
1.81101E+11,97,172.46
1.81101E+11,141,218.19
1.81101E+11,153,222.48
1.81605E+11,52,270.67
1.81605E+11,78,322.08
1.81605E+11,90,317.35
1.81605E+11,128,354.2
1.81823E+11,47,21
1.81823E+11,78,26.05
1.81823E+11,175,25.93
1.81823E+11,218,40.88
1.8199E+11,9,70.71
1.8199E+11,49,67.03
1.8199E+11,125,52.94
1.8199E+11,171,69.46
1.8199E+11,174,61.12
1.82135E+11,51,13.07
1.82135E+11,59,26.68
1.82135E+11,64,16.58
1.82135E+11,67,16.19
1.82135E+11,145,15.74
1.82135E+11,160,14.36
1.82231E+11,166,15.67
1.82269E+11,58,27.23
1.82269E+11,85,16.06
1.82385E+11,43,30.51
1.82385E+11,91,73.92
1.82397E+11,37,371.76
1.82397E+11,83,411.14
1.82397E+11,92,182.02
1.82397E+11,104,432.02
1.82397E+11,130,402.61
1.82397E+11,136,221.46
1.82397E+11,183,513.77
1.82397E+11,184,375.47
1.82397E+11,213,483.5
1.82408E+11,128,3.08
1.82408E+11,163,3.82
1.82413E+11,181,281.16
1.82413E+11,220,212.99
1.82414E+11,63,762.01
1.82414E+11,118,805.16
1.82414E+11,203,1107.06
1.91367E+11,49,197.98
1.91367E+11,103,243.61
1.91367E+11,111,245.84
1.91367E+11,170,115.6
1.91367E+11,201,406.16
1.91367E+11,217,261.59
1.91475E+11,42,123.55
1.91475E+11,76,82.78
1.91475E+11,137,82.18
1.91475E+11,147,87.97
1.91625E+11,35,12.27
1.91625E+11,67,22.86
1.91625E+11,137,12.4
1.91761E+11,121,34.03
1.91761E+11,127,29.68
1.91761E+11,141,17.58
1.91784E+11,9,27.06
1.91784E+11,21,17.64
1.91784E+11,69,24.1
1.91784E+11,91,19.8
1.91784E+11,96,18.18
1.91784E+11,190,15.02
1.91796E+11,92,186
1.91796E+11,104,174.2
1.91796E+11,128,188.53
1.91796E+11,222,217.85
1.91836E+11,152,80.68
1.91836E+11,203,113.29
1.91851E+11,4,48.69
1.91851E+11,96,32.83
1.91851E+11,196,45.91
1.91856E+11,145,165.18
1.91856E+11,169,113.68
1.91856E+11,219,96.22
1.9187E+11,35,56.78
1.9187E+11,45,55.69
1.9187E+11,92,54.85
1.9187E+11,154,34.53
1.91893E+11,15,250.03
1.91893E+11,31,215.94
1.91893E+11,68,288.76
1.91893E+11,88,365.99
1.91893E+11,123,396.44
1.91893E+11,129,287.31
1.91893E+11,138,256.28
1.91893E+11,169,430.29
1.91893E+11,203,277.93
1.91893E+11,215,206.78
1.91922E+11,2,520.18
1.91922E+11,50,457.67
1.91922E+11,62,517.73
1.91922E+11,76,501.96
1.91922E+11,86,565.41
1.91922E+11,94,535.62
1.91922E+11,113,524.35
1.91935E+11,58,86.12
1.91935E+11,89,105.6
1.91935E+11,95,89.74
1.91935E+11,202,91.15
1.91935E+11,211,101.48
1.91947E+11,70,62.77
1.91947E+11,217,71.67
1.91968E+11,16,113.37
1.91968E+11,78,74.36
1.91968E+11,167,120.88
1.91968E+11,203,148.7
1.92027E+11,21,132.12
1.92027E+11,62,136.52
1.92027E+11,91,139
1.92027E+11,92,174.57
1.92027E+11,122,190.89
1.92027E+11,154,125.18
1.92027E+11,173,143.48
1.92047E+11,9,181.38
1.92047E+11,34,340.02
1.92047E+11,139,245.44
1.92047E+11,171,256.79
1.92047E+11,197,182.7
1.92058E+11,6,232.73
1.92059E+11,45,7.82
1.92059E+11,77,6.34
1.92059E+11,186,4.99
1.92071E+11,30,23.54
1.92071E+11,68,27.02
1.92071E+11,163,20.84
1.92071E+11,168,24.56
1.92071E+11,196,28.35
1.92073E+11,102,88.28
2.01109E+11,12,10.9
2.01109E+11,79,10.28
2.01109E+11,110,7.87
2.01109E+11,116,9.07
2.01109E+11,146,11.23
2.01109E+11,162,8.79
2.01109E+11,183,9.15
2.01109E+11,218,8.68
2.01124E+11,57,13.92
2.01124E+11,96,13.63
2.01124E+11,97,11.82
2.01124E+11,209,13.16
2.01124E+11,213,13.48
2.01299E+11,47,13.47
2.01299E+11,73,15.11
2.01299E+11,117,10.61
2.01299E+11,177,8.04
2.01394E+11,34,40.88
2.01394E+11,95,58.44
2.01394E+11,133,42.38
2.01394E+11,160,56.34
2.01455E+11,78,142.07
2.01455E+11,167,110.62
2.01455E+11,182,114.28
2.01455E+11,199,75.74
2.01552E+11,4,70.14
2.01552E+11,26,53.05
2.01552E+11,123,85.23
2.01581E+11,94,116.62
2.01581E+11,114,109.88
2.01581E+11,159,138.59
2.01654E+11,3,113.43
2.01654E+11,42,69.73
2.01654E+11,82,95.48
2.01654E+11,87,97.21
2.01654E+11,89,153.07
2.01654E+11,112,139.05
2.01654E+11,146,102.31
2.01654E+11,223,135.28
2.01711E+11,63,335.8
2.01711E+11,112,336.35
2.01711E+11,125,449.68
2.01711E+11,131,325.55
2.01712E+11,31,155.23
2.01712E+11,39,123.49
2.01712E+11,149,161.62
2.01712E+11,177,99.32
2.01732E+11,13,32.47
2.01732E+11,72,38.74
2.01732E+11,73,26.2
2.01732E+11,97,19.33
2.01732E+11,143,30.96
2.01763E+11,53,0.67
2.01763E+11,92,0.71
2.01763E+11,105,0.99
2.01763E+11,110,0.95
2.01763E+11,150,1.52
2.01763E+11,168,0.93
2.01763E+11,218,0.42
2.01771E+11,13,4.06
2.01771E+11,40,5.99
2.01771E+11,76,4.28
2.01771E+11,99,4.92
2.01771E+11,136,5.46
2.01771E+11,180,3.95
2.01771E+11,36,180.46
2.01771E+11,50,292.55
2.01771E+11,179,123.74
2.01777E+11,98,4.4
2.01777E+11,155,4.52
2.01777E+11,200,5.33
2.2162E+11,43,29.11
2.2162E+11,52,16.44
2.2162E+11,157,17.43
2.2162E+11,171,24.95
2.21626E+11,13,20.28
2.21626E+11,50,17.5
2.21626E+11,146,8.27
2.21691E+11,58,20.69
2.21691E+11,147,17.58
2.21691E+11,154,12.92
2.21691E+11,195,19.72
2.21841E+11,33,45.83
2.21841E+11,73,32.47
2.21841E+11,85,46.88
2.21841E+11,110,43.2
2.21841E+11,152,47.92
2.21841E+11,206,108.92
2.21849E+11,96,208.16
2.21866E+11,29,116.82
2.21866E+11,70,66.25
2.21866E+11,207,117.39
2.21866E+11,218,86.61
2.21866E+11,26,193.53
2.21866E+11,97,159.46
2.21866E+11,124,75.77
2.21882E+11,81,13.49
2.21882E+11,123,8.58
2.21882E+11,152,16.78
2.22001E+11,96,91.68
2.22001E+11,114,86.06
2.22001E+11,141,78.66
2.22016E+11,181,1.96
2.22041E+11,5,22.2
2.22041E+11,33,8.85
2.22041E+11,45,13.36
2.22041E+11,172,17.78
2.22076E+11,59,470.1
2.22076E+11,68,237.14
2.22076E+11,120,392.89
2.22076E+11,150,260.4
2.22076E+11,184,225.79
2.22085E+11,75,308.34
2.22085E+11,165,540.57
2.22089E+11,9,13.81
2.22089E+11,84,16.4
2.22121E+11,73,11.03
2.22121E+11,82,13.17
2.22121E+11,123,16.06
2.22121E+11,148,9.32
2.22121E+11,165,17.2
2.22121E+11,201,13.39
2.22152E+11,192,212.98
2.22152E+11,195,141.77
2.22152E+11,211,201.3
2.22152E+11,220,185.48
2.22208E+11,12,16.11
2.22208E+11,14,28.49
2.22208E+11,181,12.64
2.22208E+11,200,18.67
2.22234E+11,108,441.44
2.22234E+11,140,245.94
2.22234E+11,158,249.73
2.22234E+11,187,307.09
2.22234E+11,206,189.9
2.22245E+11,46,218.34
2.22245E+11,75,155.61
2.22245E+11,168,154.97
2.22249E+11,104,28.47
2.22249E+11,213,44.21
2.2226E+11,87,9.64
2.2226E+11,151,13
2.2226E+11,159,11.64
2.22271E+11,28,8.99
2.22271E+11,167,6.15
2.22273E+11,86,7.34
2.22273E+11,97,12.13
2.22273E+11,128,17.04
2.22273E+11,129,8.48
2.22275E+11,57,5.46
2.22275E+11,98,5.73
2.22275E+11,207,4.79
2.2228E+11,107,78.42
2.2228E+11,161,87.66
2.2228E+11,166,135.18
2.2228E+11,176,116.83
2.22289E+11,122,14.87
2.22289E+11,91,22.73
2.22289E+11,105,18.53
2.22289E+11,113,14.29
2.22289E+11,167,10.97
2.22289E+11,181,28.02
2.22289E+11,219,14.83
2.22331E+11,119,90
2.22331E+11,203,84.83
2.22331E+11,47,6.75
2.22331E+11,59,10.78
2.22331E+11,87,9.99
2.22331E+11,110,6.58
2.22331E+11,134,4.71
2.22331E+11,167,5.99
2.22331E+11,182,12.96
2.22345E+11,86,8.56
2.22345E+11,89,6.62
2.22345E+11,166,7.39
2.22349E+11,136,12.7
2.22349E+11,178,10.45
2.22354E+11,28,8.35
2.22354E+11,107,13.21
2.22354E+11,164,8.45
2.22354E+11,209,13.77
2.22358E+11,20,30.72
2.22358E+11,83,45.11
2.22358E+11,134,37.66
2.22358E+11,165,49.63
2.22365E+11,121,494.52
2.22365E+11,174,579.65
2.22365E+11,202,622.19
2.22365E+11,85,801.06
2.22365E+11,181,421.4
2.22365E+11,189,506.18
2.22365E+11,198,663.03
2.22365E+11,215,445.85
2.22365E+11,12,519.38
2.22365E+11,26,958.91
2.22365E+11,112,803.56
2.22365E+11,203,774.37
2.22365E+11,214,734.69
2.22365E+11,5,133.24
2.22365E+11,51,185.15
2.22365E+11,96,113.92
2.22368E+11,2,68.63
2.22368E+11,6,68.04
2.22368E+11,207,92.34
2.2237E+11,56,11.03
2.2237E+11,57,11.75
2.2237E+11,88,13.05
2.22372E+11,57,839.36
2.22372E+11,93,802.66
2.22372E+11,105,717.63
2.22372E+11,124,573.46
2.22372E+11,139,462.44
2.22374E+11,69,33.35
2.22374E+11,101,41.73
2.31173E+11,74,19.19
2.31173E+11,102,32.23
2.31173E+11,196,14.99
2.31183E+11,93,6.49
2.31183E+11,101,7.75
2.31183E+11,102,6.34
2.31183E+11,113,11.04
2.31183E+11,205,13.57
2.31487E+11,28,42.31
2.31487E+11,71,25.68
2.31487E+11,102,22.36
2.31487E+11,141,17.11
2.31487E+11,193,29.84
2.31487E+11,222,27.01
2.31594E+11,56,18.11
2.31594E+11,99,25.75
2.31594E+11,177,13.86
2.31611E+11,4,16.16
2.31611E+11,83,10.98
2.31727E+11,26,11.43
2.31727E+11,186,14.77
2.31876E+11,64,12.63
2.31876E+11,141,13.76
2.32186E+11,70,16.57
2.51703E+11,103,12.16
2.51703E+11,120,10.11
2.51703E+11,136,9.55
2.51703E+11,168,7.45
2.51703E+11,183,10.62
2.52096E+11,96,9.49
2.52096E+11,104,10.89
2.52096E+11,107,14.41
2.52096E+11,180,8.41
2.52114E+11,7,20.23
2.52114E+11,19,20.23
2.52114E+11,24,18.23
2.52114E+11,119,13.53
2.52114E+11,125,18.63
2.52114E+11,164,15.44
2.52276E+11,4,17.65
2.52276E+11,96,13.39
2.52276E+11,107,11.92
2.52276E+11,120,11.34
2.52276E+11,154,17.11
2.52276E+11,14,8.95
2.52276E+11,24,5.05
2.52276E+11,78,5.35
2.52276E+11,88,3.42
2.52276E+11,100,7.49
2.52276E+11,101,7.48
2.52276E+11,131,7.2
2.52276E+11,206,6.99
2.52276E+11,215,5.77
2.5229E+11,120,93.73
2.5229E+11,125,54.66
2.5229E+11,76,248.01
2.5229E+11,79,307.75
2.5229E+11,159,358.45
2.5229E+11,218,366.12
2.52291E+11,45,18.99
2.52291E+11,47,18.52
2.52291E+11,103,14.86
2.52291E+11,107,15.19
2.52296E+11,22,105.44
2.52296E+11,73,103.62
2.52296E+11,85,109.68
2.52296E+11,27,384.7
2.52296E+11,72,363.71
2.52296E+11,131,409.37
2.52296E+11,166,439.53
2.52296E+11,186,358.45
2.52305E+11,11,82.83
2.52305E+11,13,65.67
2.52305E+11,49,68.48
2.52305E+11,110,54.45
2.52305E+11,96,45.74
2.52305E+11,141,25.42
2.52306E+11,48,135.28
2.52306E+11,125,137.31
2.52306E+11,135,262.75
2.52324E+11,128,70.15
2.52324E+11,137,81.52
2.52324E+11,179,93.22
2.52325E+11,37,11.52
2.52325E+11,121,15
2.52325E+11,215,9.4
2.52329E+11,43,63.24
2.52329E+11,84,53.95
2.52329E+11,91,68.77
2.52329E+11,105,72.27
2.52329E+11,196,100.24
2.52329E+11,197,79.99
2.52335E+11,6,218.94
2.52335E+11,9,98.23
2.52335E+11,30,102.28
2.52335E+11,54,142.71
2.52335E+11,169,83.51
2.52335E+11,175,106.54
2.52335E+11,213,148.24
2.52339E+11,65,20.52
2.52339E+11,90,21.1
2.52339E+11,181,17.54
2.52339E+11,215,20
2.52339E+11,16,80.83
2.52339E+11,24,141.59
2.52339E+11,62,104.29
2.52339E+11,64,107.92
2.52339E+11,167,115.51
2.52339E+11,190,89.27
2.52346E+11,12,12.38
2.52346E+11,17,15.43
2.52346E+11,143,19.97
2.52346E+11,174,24.72
2.52355E+11,34,167.72
2.52355E+11,41,120.27
2.52355E+11,48,170.89
2.52355E+11,74,167.88
2.52355E+11,196,156.06
2.5236E+11,27,82.61
2.5236E+11,102,65.24
2.5236E+11,147,81.72
2.52363E+11,38,13.29
2.52363E+11,51,11.81
2.52363E+11,81,10.91
2.52363E+11,103,13.56
2.52363E+11,157,15.95
2.52363E+11,159,17.47
2.52363E+11,172,10.03
2.52363E+11,184,13.16
2.52363E+11,54,22.15
2.52363E+11,80,11.03
2.52363E+11,103,9.35
2.52363E+11,114,13.78
2.52363E+11,116,12.33
2.52363E+11,140,9.96
2.52363E+11,171,13.55
2.52363E+11,185,15.37
2.52368E+11,34,16.05
2.52368E+11,50,15.11
2.52368E+11,57,27.44
2.52368E+11,100,12.81
2.52368E+11,175,21.22
2.52371E+11,15,30.85
2.52371E+11,19,20.9
2.52371E+11,22,36.03
2.52371E+11,43,25.56
2.52371E+11,59,24.91
2.52371E+11,65,25.45
2.52371E+11,141,24.5
2.52371E+11,144,24.16
2.52371E+11,163,20.26
2.52371E+11,166,18.57
2.52371E+11,200,24.27
2.52371E+11,212,20.25
2.52385E+11,68,71.76
2.52385E+11,140,111.77
2.52385E+11,185,123.1
2.52385E+11,206,168.51
2.52435E+11,12,285.11
2.52435E+11,14,411.31
2.52435E+11,20,245.71
2.52435E+11,56,282.44
2.52435E+11,176,253.05
2.52436E+11,11,5.11
2.52436E+11,122,13.65
2.52443E+11,13,305.04
2.52443E+11,103,151.59
2.52443E+11,136,219
2.52443E+11,142,128.44
2.52443E+11,216,199.11
2.52443E+11,84,314.22
2.52443E+11,106,252.33
2.52552E+11,126,72.47
2.52552E+11,213,54.34
2.5257E+11,4,36.18
2.5257E+11,30,34.79
2.5257E+11,116,36.39
2.5257E+11,137,31.36
2.5257E+11,166,36.78
2.5257E+11,215,26.04
2.52593E+11,18,15.61
2.52593E+11,37,15.15
2.52593E+11,47,16.33
2.52593E+11,180,21.62
2.52593E+11,212,11.95
2.52613E+11,53,13.07
2.52613E+11,63,13.59
2.52649E+11,57,30.7
2.52649E+11,116,51.36
2.52682E+11,167,34.68
2.52685E+11,25,11.34
2.52685E+11,41,7.92
2.52685E+11,42,14.16
2.52685E+11,193,9.2
2.52687E+11,42,28.7
2.52687E+11,67,21.91
2.5269E+11,17,99.85
2.5269E+11,37,84.99
2.5269E+11,75,98.28
2.5269E+11,182,86.8
2.52692E+11,28,350.54
2.52692E+11,51,413.63
2.52692E+11,52,362.65
2.52692E+11,89,490.89
2.52692E+11,97,353.59
2.52692E+11,219,502.56
2.52692E+11,108,351.71
2.52694E+11,71,132.72
2.52694E+11,74,106.26
2.52694E+11,107,158.33
2.52694E+11,132,89.55
2.52694E+11,144,70.2
2.52695E+11,14,75.15
2.52695E+11,37,89.82
2.52695E+11,85,91.25
2.52695E+11,145,71.91
2.52695E+11,175,143.33
2.52707E+11,3,88.22
2.52707E+11,31,41.13
2.52707E+11,65,52.01
2.52707E+11,148,24.39
2.52707E+11,158,33.65
2.52707E+11,197,34.23
2.52712E+11,30,131.25
2.52712E+11,35,81.18
2.52712E+11,38,156.86
2.52712E+11,111,64.52
2.52712E+11,132,82.2
2.52712E+11,4,139.55
2.52712E+11,138,141.76
2.52712E+11,172,91.02
2.52712E+11,186,145.09
2.52713E+11,7,183.18
2.52713E+11,27,166.3
2.52713E+11,124,174.39
2.52713E+11,184,197.71
2.52714E+11,125,165.56
2.52714E+11,222,161.8
2.52714E+11,44,64.19
2.52714E+11,117,71.56
2.52717E+11,16,19.32
2.52717E+11,68,14.9
2.52717E+11,123,23.79
2.52717E+11,177,20.61
2.52717E+11,186,18.6
2.52718E+11,64,172.51
2.52718E+11,127,91.27
2.5272E+11,23,70.22
2.5272E+11,101,200.38
2.5272E+11,130,111.07
2.5272E+11,180,87.2
2.52721E+11,69,116.94
2.52721E+11,162,129.06
2.52721E+11,183,87.91
2.52721E+11,194,102.66
2.52721E+11,200,91
2.52721E+11,205,128.66
2.52721E+11,216,100.48
2.52721E+11,30,51.61
2.52721E+11,53,67.11
2.52721E+11,85,102.91
2.52721E+11,86,84.56
2.52721E+11,165,69.72
2.52721E+11,21,21.48
2.52721E+11,31,19.23
2.61218E+11,17,92.1
2.61218E+11,33,106.98
2.61218E+11,148,133.17
2.61218E+11,164,101.89
2.61218E+11,183,77.43
2.61552E+11,16,40.45
2.61552E+11,50,33.16
2.61552E+11,135,46.2
2.61552E+11,199,19.96
2.61552E+11,204,26.49
2.61552E+11,212,21.64
2.61667E+11,138,40
2.61667E+11,161,34.49
2.61911E+11,92,29.9
2.61911E+11,123,26.29
2.61961E+11,16,14.26
2.61961E+11,203,17.61
2.61977E+11,56,22.14
2.61977E+11,59,14.66
2.61977E+11,87,15.51
2.61977E+11,100,14.62
2.61977E+11,125,17.69
2.61977E+11,159,17.81
2.61987E+11,206,21.79
2.61987E+11,218,20.64
2.62016E+11,40,165.6
2.62016E+11,85,274.46
2.62016E+11,87,205.38
2.62016E+11,102,170.72
2.62016E+11,121,190.45
2.62016E+11,157,175.7
2.62092E+11,66,15.91
2.62092E+11,110,15.12
2.62092E+11,113,15.86
2.62092E+11,121,19.82
2.62092E+11,128,25.91
2.62092E+11,141,19.02
2.62092E+11,148,23.47
2.62092E+11,211,14.9
2.62185E+11,40,11.77
2.62185E+11,105,13.73
2.62398E+11,50,9.47
2.62398E+11,65,15.92
2.62398E+11,141,19.89
2.62402E+11,160,7.42
2.62407E+11,20,135.63
2.62407E+11,51,292.55
2.62407E+11,86,153.71
2.62422E+11,93,11.81
2.62422E+11,118,10.87
2.62422E+11,201,24.59
2.62454E+11,1,18.91
2.62454E+11,111,9.36
2.62454E+11,142,9.2
2.62454E+11,155,15.21
2.62454E+11,187,12.38
2.62475E+11,22,118.23
2.62475E+11,82,75.1
2.62475E+11,171,74.53
2.62475E+11,207,115.16
2.62526E+11,149,5.32
2.62526E+11,196,10.61
2.62526E+11,223,8.64
2.62526E+11,65,27.47
2.62526E+11,214,22.66
2.62537E+11,117,66.97
2.62537E+11,200,74.39
2.62541E+11,37,134.42
2.62541E+11,46,153.65
2.62541E+11,117,183.41
2.62541E+11,133,157.39
2.62541E+11,165,206.56
2.62541E+11,176,241.76
2.62541E+11,202,221.87
2.62541E+11,209,260.85
2.62563E+11,25,141.85
2.62563E+11,76,115.78
2.62563E+11,84,104.91
2.62563E+11,96,112.82
2.62563E+11,165,132.75
2.62637E+11,36,6.69
2.62637E+11,61,5.06
2.62637E+11,202,7.79
2.62708E+11,18,24.04
2.62708E+11,55,40.11
2.62708E+11,56,23.51
2.62708E+11,79,33.22
2.62708E+11,93,19.45
2.62708E+11,122,32.93
2.62708E+11,132,26.43
2.62708E+11,169,57.94
2.62708E+11,178,22.86
2.62708E+11,208,20.9
2.62708E+11,219,65.14
2.6271E+11,91,121.31
2.6271E+11,111,58.85
2.6271E+11,144,93.89
2.6271E+11,180,112.3
2.6271E+11,221,78.15
2.62718E+11,3,151.94
2.62718E+11,24,124.75
2.62718E+11,27,160.46
2.62718E+11,124,211.83
2.62718E+11,174,138.96
2.62718E+11,27,192.38
2.62718E+11,105,189.07
2.62718E+11,119,165.55
2.62718E+11,219,131.8
2.62732E+11,54,119.58
2.62732E+11,171,192.67
2.62732E+11,190,113.84
2.62732E+11,206,140.72
2.62733E+11,40,65.38
2.62733E+11,68,84.13
2.62733E+11,112,123.6
2.62733E+11,135,113.19
2.62733E+11,204,81.14
2.62733E+11,56,47.12
2.62733E+11,89,52.5
2.62733E+11,218,61.57
2.62739E+11,158,13.68
2.62757E+11,39,43.42
2.62757E+11,73,44.53
2.62757E+11,97,49.01
2.62759E+11,124,111.41
2.62759E+11,140,150.65
2.62759E+11,152,121.31
2.62759E+11,186,93.02
2.62759E+11,199,76.38
2.62759E+11,217,108.38
2.62767E+11,202,7.82
2.62768E+11,64,30.79
2.62768E+11,73,19.28
2.62768E+11,167,31.57
2.62768E+11,168,58
2.62768E+11,197,34.4
2.62768E+11,21,15.53
2.62768E+11,122,14.84
2.62778E+11,1,26.6
2.62778E+11,38,18.85
2.62778E+11,46,11.98
2.62778E+11,86,23.99
2.62778E+11,89,23.55
2.62778E+11,94,40.71
2.62778E+11,115,16.4
2.62778E+11,210,25.47
2.62781E+11,104,9.92
2.62781E+11,158,8.79
2.62792E+11,9,141.63
2.62792E+11,33,176.85
2.62792E+11,56,231.65
2.62792E+11,76,141.15
2.62792E+11,91,193.64
2.62792E+11,99,162.16
2.62792E+11,114,137.04
2.62792E+11,147,183.39
2.62792E+11,167,135.17
2.62793E+11,7,23.7
2.62793E+11,65,34.24
2.62793E+11,79,20.18
2.62793E+11,198,39.72
2.62793E+11,213,25.62
2.62794E+11,50,9.06
2.62794E+11,173,15.34
2.62799E+11,52,112.53
2.62799E+11,98,57.39
2.62799E+11,102,77.57
2.62799E+11,173,84.4
2.62799E+11,177,59.1
2.62799E+11,201,64.52
2.62802E+11,23,258.82
2.62802E+11,151,206.27
2.62802E+11,218,218.98
2.71371E+11,16,114.26
2.71371E+11,55,73.03
2.71371E+11,121,79.64
2.71371E+11,132,69.65
2.71371E+11,157,81.94
2.71371E+11,173,87.83
2.71398E+11,21,9.03
2.71398E+11,35,6.46
2.71503E+11,46,158.07
2.71503E+11,68,234.69
2.71503E+11,105,222.76
2.71528E+11,74,8.24
2.71528E+11,121,11.15
2.71734E+11,101,9.59
2.71734E+11,129,5.99
2.71734E+11,209,8.1
2.71734E+11,212,4.83
2.71787E+11,8,69.61
2.71787E+11,9,97.86
2.71787E+11,28,83.81
2.71787E+11,130,106.64
2.71787E+11,194,78.96
2.71787E+11,199,58.65
2.71825E+11,18,168.8
2.7184E+11,62,139.83
2.7184E+11,155,92.5
2.7184E+11,157,117.43
2.7184E+11,163,84.2
2.7184E+11,199,97.2
2.7184E+11,221,93.87
2.71884E+11,56,171.35
2.71884E+11,102,194.45
2.71884E+11,207,141.16
2.71884E+11,7,135.44
2.71884E+11,15,192.85
2.71884E+11,29,138.66
2.71884E+11,35,145.24
2.71884E+11,88,241.99
2.71884E+11,108,195.06
2.71884E+11,175,147.95
2.71884E+11,219,126.39
2.72065E+11,46,11.3
2.72065E+11,119,11.74
2.72065E+11,127,7.31
2.72065E+11,172,9.1
2.7214E+11,54,96.36
2.7214E+11,81,121.47
2.7214E+11,117,68.85
2.7214E+11,129,121.88
2.7214E+11,205,106.71
2.72181E+11,41,13.95
2.72181E+11,43,16.8
2.72181E+11,65,11.68
2.72181E+11,71,17.9
2.72181E+11,87,9.72
2.72181E+11,104,16.29
2.72181E+11,132,16.92
2.72181E+11,143,23.04
2.72181E+11,172,19.86
2.72181E+11,180,13.72
2.72181E+11,182,12.48
2.72181E+11,223,15
2.72202E+11,2,21.02
2.72202E+11,71,27.34
2.72202E+11,76,49.94
2.72211E+11,65,8.75
2.72211E+11,102,20.7
2.72211E+11,159,9.1
2.72211E+11,170,13.95
2.72211E+11,178,11.2
2.7224E+11,36,138.09
2.7224E+11,105,82.76
2.7224E+11,188,97.4
2.72241E+11,21,58.92
2.72241E+11,32,67.67
2.72241E+11,96,51.63
2.72241E+11,183,70.44
2.72278E+11,20,162.97
2.72278E+11,107,105.47
2.72278E+11,183,99.62
2.72278E+11,207,111.2
2.72327E+11,20,117.85
2.72327E+11,114,72.78
2.72327E+11,133,69.86
2.72327E+11,159,99.69
2.72327E+11,204,99.99
2.72342E+11,18,164.81
2.72342E+11,93,189.8
2.72342E+11,104,235.25
2.72344E+11,10,52.67
2.72344E+11,53,39.86
2.72344E+11,99,52.01
2.72344E+11,125,46.7
2.72344E+11,133,52.97
2.72344E+11,141,68.08
2.72344E+11,148,60.26
2.72351E+11,37,28.75
2.72351E+11,61,19.87
2.72351E+11,67,25.91
2.72351E+11,79,12.02
2.72351E+11,182,14.5
2.72351E+11,195,16.5
2.72351E+11,71,10.15
2.72351E+11,95,17.24
2.72351E+11,137,10.39
2.72351E+11,150,15.23
2.72365E+11,48,222.21
2.72365E+11,63,222.05
2.72387E+11,215,26.29
2.72391E+11,47,236.23
2.72391E+11,106,225.42
2.72391E+11,116,196.14
2.72393E+11,28,19.89
2.72393E+11,193,29.05
2.72393E+11,195,22.47
2.72399E+11,21,22.53
2.72399E+11,119,26.1
2.72399E+11,146,33.85
2.72399E+11,189,34.25
2.72399E+11,199,42.01
2.72412E+11,33,36.82
2.72412E+11,58,39.85
2.72412E+11,93,35.85
2.72412E+11,142,28.49
2.72412E+11,172,43.33
2.72416E+11,3,9.79
2.72416E+11,57,11.12
2.72416E+11,68,8.96
2.72416E+11,95,14.46
2.72416E+11,108,9.9
2.72416E+11,161,6.73
2.72416E+11,207,10.35
2.72416E+11,212,12.45
2.72417E+11,32,24.2
2.72417E+11,66,19.99
2.72417E+11,151,14.3
2.72435E+11,21,26.92
2.72435E+11,48,42.53
2.72435E+11,71,49.25
2.72435E+11,162,38.07
2.72435E+11,177,28.68
2.72435E+11,180,27.47
2.72459E+11,32,38.25
2.72459E+11,136,57.61
2.72459E+11,160,46.64
2.72479E+11,31,34.1
2.72479E+11,62,31.6
2.72479E+11,65,38.52
2.72479E+11,106,44.89
2.72479E+11,190,38.32
2.72479E+11,207,31.37
2.72484E+11,50,84.52
2.72484E+11,127,96.15
2.72484E+11,204,120.98
2.72484E+11,21,120.8
2.72484E+11,180,119.58
2.72487E+11,6,10.89
2.72487E+11,17,8.32
2.72487E+11,40,8.86
2.72487E+11,54,10.65
2.72487E+11,85,13.13
2.72487E+11,179,9.83
2.72487E+11,79,201.25
2.72487E+11,154,325.57
2.72487E+11,209,267.26
2.72494E+11,55,56.88
2.72494E+11,74,52.95
2.72494E+11,115,63.73
2.72494E+11,128,64.71
2.72494E+11,138,42.8
2.72494E+11,177,47.34
2.72494E+11,23,224.08
2.72494E+11,49,325.15
2.72494E+11,108,211.55
2.72494E+11,197,476.58
2.72494E+11,216,461.35
2.72499E+11,40,29.24
2.72499E+11,56,35.58
2.72499E+11,89,34.34
2.72499E+11,114,38.31
2.72499E+11,193,36.71
2.72514E+11,33,461.87
2.72514E+11,53,509.51
2.72514E+11,56,635.94
2.72514E+11,101,667.04
2.72514E+11,127,619.46
2.72514E+11,128,647.55
2.72514E+11,206,527.63
2.72518E+11,6,213.83
2.72518E+11,67,419.96
2.72518E+11,121,187.65
2.80945E+11,166,388.88
2.80945E+11,187,268.72
2.80945E+11,216,254.61
2.8095E+11,27,566.16
2.8095E+11,82,530.51
2.8095E+11,98,647.05
2.8095E+11,157,499
2.8095E+11,187,371.85
2.81756E+11,28,9.11
2.81756E+11,130,18.81
2.81756E+11,146,13.3
2.81756E+11,154,14.9
2.81756E+11,163,12.37
2.81858E+11,98,35.66
2.81858E+11,125,38.04
2.81858E+11,143,31.58
2.81858E+11,223,29.13
2.81858E+11,21,33.31
2.81858E+11,81,28.71
2.81858E+11,92,18.81
2.81858E+11,109,29.54
2.81858E+11,192,52.31
2.81858E+11,208,32.52
2.81858E+11,58,28.12
2.81858E+11,75,39.12
2.81858E+11,80,38.71
2.81858E+11,83,26.78
2.81858E+11,211,22.27
2.81858E+11,7,35.93
2.81858E+11,113,19.5
2.81858E+11,146,26.22
2.81858E+11,176,38.89
2.81858E+11,48,18.09
2.81858E+11,62,33.44
2.81858E+11,31,22.27
2.81858E+11,57,30.47
2.81858E+11,84,35.84
2.81858E+11,92,59.94
2.81858E+11,198,39.88
2.81858E+11,213,34.15
2.81897E+11,96,32.43
2.81897E+11,116,22.75
2.81897E+11,176,34.82
2.81897E+11,208,24.52
2.81918E+11,126,23.71
2.81918E+11,131,21.9
2.81918E+11,147,31.71
2.81918E+11,148,26.62
2.81918E+11,159,19.59
2.81923E+11,36,98.92
2.81923E+11,52,94.88
2.81923E+11,99,77.13
2.81923E+11,110,69.78
2.81923E+11,112,60.45
2.81923E+11,141,113.43
2.81923E+11,221,53.68
2.81954E+11,16,210.92
2.81954E+11,68,149.87
2.81954E+11,108,123.92
2.81954E+11,143,131.03
2.8196E+11,27,36.72
2.8196E+11,29,23.19
2.8196E+11,115,21.74
2.8196E+11,155,15.53
2.8197E+11,73,40.04
2.8197E+11,126,40.05
2.8197E+11,150,20.04
2.8197E+11,165,27.68
2.81973E+11,18,24.12
2.81973E+11,27,7.91
2.81973E+11,94,19.39
2.81973E+11,102,13.69
2.81973E+11,216,31.86
2.81973E+11,93,176.46
2.81973E+11,208,107.01
2.81975E+11,7,12
2.81975E+11,56,7.32
2.81975E+11,81,12.23
2.81975E+11,109,10.93
2.81975E+11,118,9.63
2.81975E+11,121,6.67
2.81975E+11,169,13.1
2.81976E+11,55,12.69
2.81976E+11,61,9.36
2.81976E+11,96,12.53
2.81976E+11,106,18.72
2.81976E+11,140,10.79
2.81976E+11,162,20.64
2.81976E+11,105,5.86
2.81976E+11,157,9.87
2.81976E+11,180,13.88
2.81994E+11,24,35.74
2.81994E+11,70,25.36
2.81994E+11,149,18.74
2.81994E+11,182,23.08
2.81994E+11,190,23.24
2.81994E+11,197,24.22
2.82003E+11,90,13.88
2.82003E+11,186,19
2.82018E+11,2,476.7
2.82018E+11,131,405.09
2.82018E+11,160,650.1
2.82018E+11,164,984.86
2.82018E+11,192,597.74
2.82044E+11,9,15.17
2.82044E+11,146,15.47
2.82044E+11,216,17
2.82052E+11,20,23.09
2.82052E+11,109,21.93
2.82052E+11,110,19.2
2.82052E+11,213,24.41
2.82052E+11,223,20.21
2.82066E+11,85,223.86
2.82066E+11,127,323.56
2.82066E+11,160,148.74
2.82093E+11,197,349.57
2.82095E+11,12,5.33
2.82095E+11,158,4.8
2.82095E+11,184,5.23
2.82124E+11,5,26.32
2.82124E+11,29,33.52
2.82124E+11,122,23.5
2.82124E+11,146,35.75
2.8213E+11,82,26.72
2.8213E+11,90,34.38
2.8213E+11,93,28.38
2.8213E+11,204,29.14
2.82147E+11,170,47.6
2.82147E+11,212,17.02
2.82148E+11,6,31.08
2.82148E+11,104,26.38
2.82148E+11,202,40
2.82153E+11,10,11.29
2.82153E+11,56,20.46
2.82153E+11,100,13.26
2.82153E+11,120,12.05
2.82153E+11,143,14.72
2.82153E+11,177,17.42
2.82153E+11,178,14.98
2.82197E+11,26,145.74
2.82197E+11,30,134.79
2.82197E+11,44,152.08
2.82197E+11,46,110.13
2.82197E+11,63,81.49
2.82197E+11,94,143.58
2.82197E+11,140,132.62
2.82197E+11,145,182.82
2.82197E+11,150,98.75
2.82197E+11,161,98.66
2.82197E+11,217,69.93
2.82197E+11,221,85.16
2.82201E+11,69,12.53
2.82201E+11,141,18.12
2.82201E+11,194,18.27
2.82222E+11,8,48.66
2.82222E+11,148,35.13
2.82222E+11,169,33.86
2.82222E+11,207,30.5
2.82222E+11,219,26.47
2.82224E+11,29,105.98
2.82224E+11,83,222.21
2.82224E+11,143,103.84
2.82224E+11,149,92.35
2.82224E+11,193,109.46
2.82224E+11,26,41.85
2.82224E+11,52,32.05
2.82224E+11,84,37.13
2.82224E+11,98,29.63
2.82241E+11,127,25.33
2.82241E+11,170,35.59
2.82241E+11,182,20.87
2.82241E+11,202,26.06
2.82248E+11,16,19.09
2.82248E+11,20,17.41
2.82248E+11,27,19.99
2.82248E+11,39,17.32
2.82248E+11,212,24.63
2.8225E+11,171,68.21
2.8225E+11,20,26.99
2.8225E+11,109,46.67
2.8225E+11,192,67.19
2.8225E+11,213,37.33
2.82265E+11,29,15.61
2.82265E+11,63,17.5
2.82265E+11,65,15.8
2.82265E+11,118,15.4
2.82265E+11,123,11.05
2.82268E+11,7,31.98
2.82268E+11,73,50.59
2.82268E+11,140,42.32
2.82273E+11,39,74.8
2.82273E+11,169,42.33
2.82273E+11,209,69.63
2.823E+11,82,25.15
2.823E+11,142,26.14
2.823E+11,174,19.87
2.823E+11,193,17.59
2.823E+11,62,33.83
2.823E+11,123,24.36
2.823E+11,130,32.54
2.823E+11,152,37.02
2.823E+11,166,29.66
2.82305E+11,17,14.79
2.82305E+11,161,13.15
2.82305E+11,172,13.74
2.82306E+11,90,298.76
2.82306E+11,130,545.52
2.82306E+11,159,254.15
2.82306E+11,167,320
2.82306E+11,195,270.58
2.82316E+11,11,41.52
2.82316E+11,119,46.18
2.82316E+11,187,52.72
2.82316E+11,206,58.66
2.82316E+11,207,62.22
2.82316E+11,212,57.78
2.82319E+11,16,19.26
2.82319E+11,27,16.14
2.82319E+11,118,9.98
2.82319E+11,145,29.82
2.82319E+11,158,24.07
2.82319E+11,174,21.96
2.82319E+11,176,23.64
2.82319E+11,211,18.92
2.91172E+11,19,346.47
2.91172E+11,20,302.3
2.91172E+11,46,233.26
2.91172E+11,62,256.9
2.91172E+11,68,350.99
2.9127E+11,47,171.23
2.9127E+11,74,180.94
2.9127E+11,113,226.72
2.9127E+11,141,185.93
2.91391E+11,8,26.72
2.91391E+11,132,31.55
2.91391E+11,138,22.21
2.91391E+11,152,21.18
2.91391E+11,188,30.06
2.91391E+11,195,17.23
2.915E+11,7,200.8
2.915E+11,79,243.08
2.915E+11,115,385.67
2.915E+11,151,398.38
2.915E+11,175,337.34
2.915E+11,32,189.1
2.915E+11,70,178.54
2.915E+11,142,132.05
2.91567E+11,66,101.91
2.91567E+11,85,115.99
2.91567E+11,144,133.14
2.91567E+11,164,206.38
2.91567E+11,188,93
2.91685E+11,10,101.54
2.91685E+11,17,170.4
2.91685E+11,19,65.93
2.91685E+11,47,103.83
2.91685E+11,129,173.45
2.91685E+11,165,119.99
2.91685E+11,186,148.13
2.91705E+11,61,41.58
2.91705E+11,64,33.94
2.91705E+11,115,41.59
2.91705E+11,141,41.45
2.91705E+11,159,35.33
2.91705E+11,192,36.53
2.91744E+11,65,3.7
2.91744E+11,69,2.42
2.91744E+11,128,1.48
2.91744E+11,152,3.46
2.91755E+11,71,80.85
2.91953E+11,9,47.39
2.91953E+11,52,38.21
2.91975E+11,101,27.56
2.91975E+11,152,24.4
2.91975E+11,170,19.8
2.91975E+11,206,17.48
2.91975E+11,215,16
2.91978E+11,152,8.15
2.91991E+11,1,1.16
2.91991E+11,46,2
2.91991E+11,50,2.04
2.91991E+11,127,2.25
2.91992E+11,160,14.31
2.91992E+11,142,17.07
2.91992E+11,208,11.12
2.91992E+11,219,16.05
2.91992E+11,52,1.28
2.91992E+11,120,2.42
2.91992E+11,146,1.39
2.91992E+11,150,0.9
2.91997E+11,80,35.28
2.91997E+11,140,40.25
2.91997E+11,152,62.95
2.91997E+11,196,22.88
2.91997E+11,74,220.08
2.91997E+11,144,460.7
2.91997E+11,169,397.53
3.01696E+11,67,88.73
3.01696E+11,137,57.92
3.01696E+11,147,104.78
3.01696E+11,185,108.78
3.01735E+11,137,48.35
3.01762E+11,36,109.59
3.01762E+11,92,88.41
3.01762E+11,113,96.41
3.01762E+11,160,159.66
3.01762E+11,192,139.26
3.01762E+11,208,98.45
3.01762E+11,212,113.92
3.01781E+11,39,148.65
3.01781E+11,54,112.51
3.01781E+11,71,163.06
3.01781E+11,93,175.67
3.01781E+11,210,133.1
3.01781E+11,12,24.5
3.01781E+11,42,34.45
3.01791E+11,32,110.96
3.01791E+11,68,79.17
3.01791E+11,74,55.54
3.01791E+11,100,68.88
3.01791E+11,120,74.48
3.01801E+11,74,494
3.01801E+11,94,214.75
3.01801E+11,213,143.24
3.01869E+11,29,3.04
3.01869E+11,99,1.37
3.01869E+11,155,2.69
3.01869E+11,216,1.51
3.01923E+11,30,67.4
3.01923E+11,124,68.63
3.01923E+11,192,50.11
3.01923E+11,214,85.66
3.01927E+11,53,10.92
3.01927E+11,69,26.86
3.01927E+11,176,28.85
3.01927E+11,193,29.12
3.01927E+11,199,22.32
3.01934E+11,14,63.74
3.01934E+11,21,53.66
3.01934E+11,74,42.43
3.01934E+11,106,54.18
3.01934E+11,188,58.85
3.01973E+11,3,266.81
3.01973E+11,4,125.71
3.01973E+11,76,139.27
3.01973E+11,177,180.72
3.01973E+11,201,190.24
3.01974E+11,23,139.39
3.01974E+11,93,114.46
3.01974E+11,120,178.22
3.01974E+11,169,162.15
3.01974E+11,179,171.42
3.01974E+11,193,77.35
3.01974E+11,195,178.47
3.01975E+11,44,87.67
3.01975E+11,62,86.36
3.01975E+11,71,83.12
3.01975E+11,115,121.48
3.01975E+11,131,83.13
3.02007E+11,88,31.44
3.02007E+11,106,16.25
3.02007E+11,219,16.1
3.02021E+11,8,18.02
3.02021E+11,18,14.27
3.02021E+11,64,14.32
3.02021E+11,121,10.18
3.02021E+11,160,18.26
3.0205E+11,118,78.08
3.0205E+11,150,113.46
3.02066E+11,89,425.68
3.02066E+11,109,422.52
3.02066E+11,115,261.54
3.02066E+11,154,378.78
3.02066E+11,182,395
3.02066E+11,203,340.92
3.02066E+11,213,349.24
3.02112E+11,14,402.72
3.02112E+11,59,279.93
3.02112E+11,105,228.71
3.02112E+11,108,318.28
3.02112E+11,114,267.4
3.02112E+11,136,372.53
3.02112E+11,169,308.54
3.02112E+11,214,390.55
3.02165E+11,65,22.29
3.02165E+11,73,28.31
3.02165E+11,81,33.78
3.02165E+11,109,27.53
3.02165E+11,113,30.53
3.02165E+11,203,26.3
3.02165E+11,6,20.96
3.02165E+11,15,27.05
3.02165E+11,64,24.38
3.02168E+11,33,18.11
3.02168E+11,53,26.69
3.02168E+11,93,20.38
3.02168E+11,153,31.44
3.02168E+11,13,8.75
3.02168E+11,47,7.64
3.02168E+11,107,10.72
3.02168E+11,122,9.36
3.02168E+11,139,6.34
3.02168E+11,171,7.69
3.02168E+11,213,9.86
3.02168E+11,181,8.71
3.02169E+11,12,104.18
3.02169E+11,19,139.19
3.02169E+11,74,81.04
3.02169E+11,176,124.62
3.02169E+11,203,124.76
3.02185E+11,12,104.26
3.02185E+11,107,73.49
3.02185E+11,2,44.69
3.02185E+11,8,55.75
3.02185E+11,31,63.14
3.02185E+11,172,62.88
3.02185E+11,7,34.95
3.02185E+11,13,34.14
3.02185E+11,80,36.05
3.02185E+11,96,34.77
3.02187E+11,21,31.85
3.02187E+11,50,28.35
3.02187E+11,146,29.71
3.02187E+11,199,24.34
3.0219E+11,122,12.66
3.0219E+11,160,16.27
3.0219E+11,208,16.54
3.0219E+11,214,22.75
3.02192E+11,159,86.76
3.02192E+11,177,135.24
3.02192E+11,196,121.82
3.02193E+11,68,137.45
3.02193E+11,95,117.17
3.02193E+11,125,148.19
3.11427E+11,14,378.12
3.11427E+11,122,308.51
3.11621E+11,13,124.54
3.11621E+11,29,206.55
3.11621E+11,80,124.42
3.11621E+11,135,193.57
3.11621E+11,142,103.76
3.11621E+11,150,172.49
3.11621E+11,166,112.65
3.11621E+11,183,128.6
3.11641E+11,93,8.95
3.11708E+11,91,71.16
3.11708E+11,110,46.76
3.11708E+11,202,42.91
3.11708E+11,214,35.91
3.11737E+11,8,24.6
3.11737E+11,92,34.19
3.11737E+11,106,16.31
3.11737E+11,197,37.18
3.11775E+11,43,8.47
3.11775E+11,53,8.11
3.11775E+11,71,8.69
3.11775E+11,171,7.26
3.21697E+11,21,14.03
3.21697E+11,35,11.58
3.21697E+11,38,10.83
3.21697E+11,44,12.81
3.21697E+11,122,12.45
3.21697E+11,125,15.35
3.21697E+11,188,16.15
3.21697E+11,201,16.83
3.21697E+11,204,14.92
3.22011E+11,35,4.93
3.22011E+11,203,3.86
3.22074E+11,83,55.7
3.22074E+11,200,91.79
3.22074E+11,210,76.39
3.22112E+11,87,6.2
3.22143E+11,43,10.13
3.22143E+11,65,10.16
3.22143E+11,153,12.76
3.22143E+11,215,8.18
3.22143E+11,216,12.41
3.22204E+11,164,104.21
3.22204E+11,223,97.51
3.22218E+11,39,15.53
3.22218E+11,55,16.69
3.22239E+11,120,9.33
3.22239E+11,129,5.15
3.22239E+11,137,7.67
3.22239E+11,214,5.92
3.22257E+11,16,17.57
3.22258E+11,146,13.94
3.22283E+11,19,106.07
3.22283E+11,112,117.98
3.22283E+11,127,87.31
3.22283E+11,136,90.97
3.22283E+11,161,96.09
3.22283E+11,214,88.25
3.22289E+11,6,11.71
3.22289E+11,46,23.86
3.22289E+11,84,15.57
3.22289E+11,100,22.08
3.22314E+11,11,13.02
3.22314E+11,88,29
3.22314E+11,92,25.05
3.22314E+11,135,21.57
3.22314E+11,139,24.54
3.22314E+11,218,31.19
3.22346E+11,82,7.48
3.22346E+11,222,14.44
3.22361E+11,46,4.33
3.22361E+11,76,5.07
3.22361E+11,99,4
3.22361E+11,100,7.55
3.22361E+11,129,5.18
3.22361E+11,149,5.26
3.22361E+11,216,6.96
3.22372E+11,15,68.2
3.22372E+11,63,56.95
3.22372E+11,114,51.61
3.22372E+11,206,39.27
3.30521E+11,97,93.59
3.30521E+11,142,167.58
3.30521E+11,170,142.46
3.30682E+11,118,323.42
3.30682E+11,157,253.73
3.30682E+11,178,380.49
3.31756E+11,69,134.93
3.31756E+11,126,114.87
3.31756E+11,192,102.11
3.318E+11,65,19.58
3.318E+11,179,10.14
3.318E+11,207,18.19
3.318E+11,212,14.57
3.31901E+11,100,6.72
3.31901E+11,105,5.41
3.31901E+11,114,7.37
3.31926E+11,2,11.22
3.31926E+11,32,11.01
3.31926E+11,133,12.85
3.31926E+11,194,16.53
3.31953E+11,17,19.27
3.31953E+11,28,13.13
3.31953E+11,111,24.33
3.31953E+11,118,5.92
3.31953E+11,135,5.99
3.31953E+11,141,19.46
3.31953E+11,143,20.16
3.31953E+11,172,9.4
3.31953E+11,181,8.89
3.31966E+11,62,12.59
3.31966E+11,69,6.59
3.31966E+11,84,9.66
3.31966E+11,110,7.16
3.31966E+11,172,15.29
3.32013E+11,5,31.18
3.32013E+11,98,34.44
3.32013E+11,218,46.91
3.32016E+11,32,65.63
3.32016E+11,33,90.5
3.32016E+11,46,77.42
3.32016E+11,156,69.92
3.32016E+11,170,96.34
3.32016E+11,215,104.62
3.32035E+11,46,12.83
3.32035E+11,61,8.71
3.32035E+11,113,9.95
3.32035E+11,160,8.78
3.32035E+11,173,9.67
3.32035E+11,221,7.86
3.32035E+11,222,11.9
3.32068E+11,27,2.65
3.32068E+11,30,3.01
3.32068E+11,56,3.45
3.32068E+11,72,3.8
3.32068E+11,99,3.61
3.32068E+11,120,4.22
3.32068E+11,162,3.27
3.32073E+11,64,12.24
3.32073E+11,106,14.99
3.32073E+11,109,17
3.32074E+11,78,4.3
3.32074E+11,94,7.41
3.32074E+11,162,4.59
3.32074E+11,202,6.18
3.32074E+11,3,13.01
3.32074E+11,33,16.37
3.32074E+11,147,26.77
3.32074E+11,173,18.26
3.32074E+11,190,20.87
3.32074E+11,216,21.12
3.32082E+11,8,48.7
3.32082E+11,26,56.08
3.32082E+11,71,40.19
3.32082E+11,134,59.92
3.32082E+11,148,71.84
3.32082E+11,150,33.67
3.32082E+11,171,51.62
3.32082E+11,186,51.44
3.32082E+11,106,239.19
3.32082E+11,126,133.94
3.32082E+11,155,337.01
3.32082E+11,194,264.48
3.32082E+11,204,128.09
3.32083E+11,7,1313.85
3.32083E+11,12,1462.7
3.32083E+11,118,493.77
3.32083E+11,173,868.79
3.32083E+11,28,436.77
3.32083E+11,49,505.81
3.32083E+11,73,441.64
3.32083E+11,176,612.72
3.32083E+11,3,7.62
3.32083E+11,23,10.48
3.32083E+11,72,6.33
3.32083E+11,181,9.33
3.32083E+11,188,7.75
3.32084E+11,9,30.39
3.32084E+11,29,24.44
3.32084E+11,33,33.43
3.32084E+11,106,24.03
3.32084E+11,163,39.29
3.32084E+11,186,15.47
3.32087E+11,36,1.12
3.32087E+11,46,1
3.32087E+11,56,0.73
3.32087E+11,122,0.63
3.32087E+11,165,1.35
3.32087E+11,168,0.73
3.32088E+11,22,14.06
3.32088E+11,25,9.65
3.32088E+11,48,11.94
3.32088E+11,109,18.38
3.32088E+11,112,11.37
3.32088E+11,28,14.21
3.32088E+11,152,12.42
3.32088E+11,146,20.01
3.32088E+11,157,12.46
3.32088E+11,54,210.23
3.32088E+11,127,307.96
3.32088E+11,101,184.28
3.32088E+11,25,45.86
3.32088E+11,43,38.6
3.32088E+11,112,44.87
3.51345E+11,61,14.43
3.51345E+11,117,22.02
3.51345E+11,191,27.08
3.51518E+11,36,11.49
3.51518E+11,61,11.71
3.51518E+11,75,8.9
3.51518E+11,169,9.54
3.51518E+11,207,10.92
3.51568E+11,82,9.29
3.51568E+11,108,5.57
3.51568E+11,109,4.21
3.51568E+11,144,6.84
3.51569E+11,25,4.36
3.51569E+11,32,3.84
3.51569E+11,38,6.02
3.51569E+11,172,9.83
3.51569E+11,179,11.03
3.51569E+11,220,7.85
3.51595E+11,12,6.02
3.51595E+11,87,3.65
3.51595E+11,100,4.98
3.51595E+11,108,5.9
3.51595E+11,133,6
3.51595E+11,185,6.24
3.51595E+11,203,6.81
3.51611E+11,26,70.74
3.51611E+11,91,82.05
3.51611E+11,114,63.54
3.51652E+11,9,22.28
3.51652E+11,122,16.94
3.51652E+11,140,17.26
3.51652E+11,195,20.94
3.5167E+11,12,5.95
3.5167E+11,17,10.11
3.5167E+11,86,9.75
3.5167E+11,108,8.08
3.5167E+11,198,4.43
3.5167E+11,210,14.75
3.5167E+11,220,6.6
3.51694E+11,14,15.9
3.51694E+11,61,15.2
3.51694E+11,166,14.91
3.51694E+11,215,16.55
3.51694E+11,223,19.76
3.51706E+11,6,7.14
3.51706E+11,8,7.7
3.51706E+11,14,8.2
3.51706E+11,45,6.4
3.51706E+11,66,9.2
3.51706E+11,139,7.47
3.51706E+11,198,5.93
3.51707E+11,56,9.88
3.51707E+11,125,32.27
3.51718E+11,6,11.84
3.51718E+11,142,12.58
3.51746E+11,6,2.59
3.51746E+11,36,4.7
3.51746E+11,80,2.76
3.51746E+11,97,2.96
3.51746E+11,173,3.27
3.51746E+11,211,2.98
3.5177E+11,93,15.67
3.5177E+11,119,18.93
3.5177E+11,158,12.62
3.5177E+11,188,11.84
3.51823E+11,12,8.37
3.51823E+11,46,8.98
3.51823E+11,219,12.23
3.51841E+11,16,15.11
3.51841E+11,55,13.99
3.51841E+11,218,10.87
3.51927E+11,40,18.17
3.51927E+11,125,11.36
3.51927E+11,147,11.91
3.6099E+11,15,5.95
3.6099E+11,133,8.27
3.61027E+11,6,11.87
3.61027E+11,20,18.02
3.61027E+11,42,13.46
3.61027E+11,156,17.02
3.61074E+11,9,43.05
3.61074E+11,49,55.33
3.61074E+11,85,71.76
3.61074E+11,105,107.29
3.61074E+11,179,76.9
3.61074E+11,194,50.6
3.61132E+11,2,15.14
3.61132E+11,3,6.32
3.61132E+11,7,9.85
3.61132E+11,60,13.2
3.61132E+11,119,10.54
3.6114E+11,6,27.95
3.6114E+11,64,24.03
3.6114E+11,114,33.29
3.6114E+11,165,26.83
3.6114E+11,220,30.33
3.61166E+11,20,13.61
3.61166E+11,129,12.23
3.61166E+11,133,11.04
3.61166E+11,174,18.75
3.61166E+11,182,14.69
3.61166E+11,221,16.29
3.6123E+11,11,17.21
3.6123E+11,41,27.13
3.6123E+11,45,15.46
3.6123E+11,78,14.76
3.6123E+11,156,38.83
3.6123E+11,212,18.66
3.6123E+11,223,24.93
3.61232E+11,31,141.82
3.61232E+11,35,242.69
3.61232E+11,62,101.55
3.61232E+11,69,109.04
3.61232E+11,109,174.68
3.61232E+11,217,173.57
3.61241E+11,1,7.08
3.61241E+11,144,5.6
3.61241E+11,154,8.43
3.61241E+11,167,9.78
3.61241E+11,187,8.13
3.61241E+11,202,8.17
3.61252E+11,19,13.79
3.61252E+11,91,9.22
3.61252E+11,153,6.46
3.61252E+11,159,7.88
3.61252E+11,62,28.07
3.61252E+11,64,22.57
3.61252E+11,106,28.13
3.61252E+11,117,29.63
3.61252E+11,141,27.82
3.61276E+11,68,352.11
3.61276E+11,204,261.73
3.61314E+11,86,19.97
3.61314E+11,145,19.89
3.61314E+11,151,15.46
3.61386E+11,1,8.36
3.61386E+11,34,9.81
3.61386E+11,127,9.8
3.61386E+11,178,16.82
3.61386E+11,212,10.1
3.61447E+11,32,16.3
3.61447E+11,34,15.44
3.61447E+11,41,16.85
3.61447E+11,46,13.81
3.61447E+11,54,17.67
3.61452E+11,13,173.36
3.61452E+11,32,153.68
3.61452E+11,36,268.12
3.61452E+11,50,247.39
3.61452E+11,70,156.46
3.61452E+11,108,164.99
3.61452E+11,161,195.99
3.61452E+11,178,137.61
3.61452E+11,184,135.99
3.61488E+11,6,33.08
3.61488E+11,99,16.41
3.61488E+11,107,35.96
3.61488E+11,128,21.16
3.61488E+11,186,19.95
3.61488E+11,211,36.63
3.61497E+11,141,22.4
3.61497E+11,175,18.33
3.61497E+11,15,50.07
3.61497E+11,65,38.95
3.61497E+11,89,35.91
3.61497E+11,104,35.76
3.61497E+11,178,27.99
3.61536E+11,31,32.01
3.61536E+11,177,18.67
3.61536E+11,210,16.36
3.61548E+11,6,24.61
3.61548E+11,66,42.28
3.61548E+11,186,25.96
3.61548E+11,204,30.06
3.61548E+11,207,24.26
3.61588E+11,52,6.4
3.61588E+11,107,8.38
3.61588E+11,166,7.61
3.61588E+11,200,8.76
3.61791E+11,198,7.48
3.61835E+11,18,16.59
3.61835E+11,151,16.62
3.61835E+11,164,19.67
3.61835E+11,196,11.9
3.61859E+11,32,10.03
3.61859E+11,69,7.9
3.61859E+11,72,7.76
3.61859E+11,111,8.77
3.61859E+11,156,7.89
3.61859E+11,180,9.77
3.61861E+11,1,13.52
3.61861E+11,16,10.39
3.61861E+11,42,13.26
3.61861E+11,128,8.07
3.61861E+11,149,23.86
3.61861E+11,203,11.2
3.61864E+11,111,5.47
3.61864E+11,131,4.2
3.61864E+11,148,5.87
3.61864E+11,158,7.94
3.61864E+11,174,6.63
3.61875E+11,72,8.34
3.61875E+11,78,13.14
3.61875E+11,88,11.05
3.61875E+11,110,9.04
3.61875E+11,172,10.3
3.61875E+11,212,11.03
3.71217E+11,27,94.22
3.71217E+11,56,102.66
3.71217E+11,117,100.82
3.71217E+11,145,92.29
3.71217E+11,177,78.73
3.71217E+11,188,118.34
3.71302E+11,46,6.55
3.71302E+11,47,7.51
3.71302E+11,125,11.16
3.71302E+11,168,10.13
3.71303E+11,104,11.53
3.71303E+11,179,9.16
3.71303E+11,189,8.43
3.71303E+11,213,5.66
3.71334E+11,10,31.41
3.71334E+11,11,33.43
3.71334E+11,100,25.88
3.71334E+11,102,16.35
3.71334E+11,136,25.55
3.71334E+11,213,22.67
3.71334E+11,215,38.34
3.71447E+11,7,22.07
3.71447E+11,12,13.48
3.71447E+11,70,14.55
3.71447E+11,71,20.47
3.71447E+11,101,19.74
3.71585E+11,1,75.15
3.71585E+11,134,55.62
3.71585E+11,178,67.36
3.71589E+11,20,45.87
3.71589E+11,66,92.89
3.71589E+11,130,55.67
3.71589E+11,146,91.76
3.71589E+11,149,49.59
3.71589E+11,176,62.53
3.71589E+11,202,56.69
3.71589E+11,203,77.57
3.71595E+11,101,44.5
3.71595E+11,207,42.51
3.71675E+11,37,83.51
3.71675E+11,50,110.6
3.71675E+11,163,97.06
3.71675E+11,190,106.41
3.71676E+11,35,8.56
3.71676E+11,43,15.3
3.71676E+11,190,11.15
3.71837E+11,151,67.62
3.81652E+11,2,243.28
3.81652E+11,52,229.14
3.81652E+11,56,287.02
3.81652E+11,171,328.09
3.81652E+11,175,191.17
3.81652E+11,199,209.5
3.81804E+11,39,12.05
3.81804E+11,110,13.12
3.81885E+11,12,217.6
3.81885E+11,134,176.66
3.81885E+11,176,181.96
3.81885E+11,96,205.5
3.81885E+11,110,118.12
3.81885E+11,131,175.44
3.81885E+11,210,127.33
3.91368E+11,22,13.36
3.91368E+11,69,19.33
3.91368E+11,162,9.7
3.91368E+11,201,16.94
3.91368E+11,221,14.99
3.91436E+11,13,278.85
3.91436E+11,139,215.96
3.91436E+11,191,190.68
3.91436E+11,213,216.72
3.91551E+11,16,8.85
3.91551E+11,18,9.65
3.91551E+11,45,14.12
3.91551E+11,66,9.54
3.91551E+11,69,7.89
3.91551E+11,92,7.41
3.91551E+11,94,7.46
3.91551E+11,177,9.38
3.91551E+11,8,163.37
3.91551E+11,193,185.49
3.91551E+11,201,337.5
3.91574E+11,10,89.5
3.91574E+11,40,102.71
3.91574E+11,52,102.06
3.91574E+11,107,132.09
3.91574E+11,122,129.03
3.91574E+11,123,125.42
3.91574E+11,172,100.65
3.91574E+11,199,129.59
3.91653E+11,61,79.76
3.91653E+11,135,68.85
3.91653E+11,216,77.14
3.91653E+11,218,59.84
3.91653E+11,20,14.34
3.91653E+11,36,15.17
3.91653E+11,58,9.81
3.91653E+11,221,7.35
3.91656E+11,43,3.08
3.91656E+11,69,3.92
3.91656E+11,110,7.21
3.91656E+11,113,8.33
3.91656E+11,157,3.96
4.0044E+11,32,22.7
4.0044E+11,65,32.35
4.0044E+11,69,47.43
4.0044E+11,87,43.87
4.0044E+11,190,44.95
4.0044E+11,193,30.95
4.0044E+11,218,62.88
4.0044E+11,222,44.99
4.00906E+11,17,12.18
4.00906E+11,33,13.96
4.00906E+11,41,13.97
4.00906E+11,169,13.75
4.01134E+11,173,7.49
4.01134E+11,222,6.48
4.01135E+11,41,29.45
4.01135E+11,119,14.66
4.01135E+11,185,22.08
4.01135E+11,214,14.5
4.01135E+11,215,12.03
4.01145E+11,54,20.88
4.01145E+11,65,17.49
4.01145E+11,84,14.74
4.01145E+11,85,17.74
4.01145E+11,111,19.99
4.01145E+11,142,19.56
4.01145E+11,148,20.98
4.01145E+11,162,22.33
4.01145E+11,171,10.79
4.01145E+11,191,13.59
4.01145E+11,197,17.95
4.01145E+11,212,13.87
4.01187E+11,61,24.06
4.01187E+11,125,26.33
4.01189E+11,143,4.7
4.01189E+11,150,8.2
4.01189E+11,152,5.89
4.01189E+11,155,7.3
