itemId,supplierID,currentPrice
111109944082,56,5.9500
111109944082,69,5.9900
111109944082,95,4.4600
111109944082,113,6.5600
111109944082,134,5.4400
111109944082,153,5.9600
111131630476,54,15.8700
111131630476,125,11.4600
111131630476,129,11.4700
111143973175,55,21.6500
111143973175,75,13.8800
111143973175,80,13.3200
111143973175,187,11.5300
111143973175,200,20.7300
111376060817,29,8.5500
111376060817,79,5.9900
111376060817,130,6.1700
111376060817,164,6.0300
111376060817,201,6.5200
111622548279,71,253.9800
111622548279,101,354.1500
111622548279,113,383.1800
111622548279,145,267.6600
111622548279,159,336.1400
111622548279,172,297.6300
111622548279,213,258.5800
111684918215,214,33.2400
111693385875,39,192.5700
111693385875,59,340.3100
111693385875,70,221.7000
111693385875,105,326.2300
111693385875,127,225.1300
111693385875,158,223.1500
111693385875,188,325.8000
111693385875,201,228.4500
111826407512,216,19.5700
111834958064,25,14.2100
111834958064,126,12.0700
111872925822,16,31.3000
111872925822,39,21.1100
111872925822,72,21.8800
111872925822,99,25.1300
111872925822,106,24.5700
111872925822,150,22.5600
111872925822,169,24.0700
111899676332,106,6.9400
111899676332,155,3.9800
111899676332,164,7.2500
111899676332,179,4.7200
111903027846,151,20.5100
111946424262,87,38.4700
111946424262,112,17.2600
111946424262,166,20.5700
111946424262,196,27.8300
111953764389,86,21.9500
111953764389,135,19.7000
111953764389,155,28.1400
111953764389,191,19.0300
111953764389,203,18.5300
111953765224,25,28.9300
111953765224,46,19.4000
111953765224,139,20.1300
111953765224,220,37.2800
111970192262,14,34.6400
111970192262,34,29.2100
111970192262,82,31.8500
111970192262,142,29.2700
111970192262,163,29.1300
111970192262,194,26.3200
111970192262,199,32.7200
111985746876,96,18.0300
111985746876,215,13.8700
111985746876,221,7.4000
111986186658,11,18.1800
111986186658,21,16.7300
111986186658,23,17.9000
111986186658,36,9.3600
111986186658,114,16.7200
111986186658,119,20.8100
111986186658,133,21.6200
111986186658,156,26.7000
111986186658,190,14.6000
111986186658,194,23.1200
111991713131,55,54.0700
111991713131,77,31.7600
111991713131,208,64.8000
111991713131,209,25.3000
111991713131,220,41.8200
112060047655,181,25.3900
112060047655,198,19.3900
112060047655,200,27.9400
112065934697,25,51.2700
112065934697,79,31.4200
112065934697,216,67.4700
112065934932,4,24.8300
112065934932,67,25.3600
112065934932,97,44.1300
112065934932,115,30.7500
112065934932,220,24.6600
112086533509,106,104.6800
112086533509,221,94.9400
112171026023,88,33.3100
112171026023,93,35.6100
112171026023,111,43.5200
112171026023,130,35.1500
112171026023,142,34.3100
112171026023,159,34.0000
112171026023,176,32.7700
112171026023,182,30.8700
112171026023,184,31.3900
112172828166,129,9.6900
112172828166,182,7.2800
112185138180,136,41.3600
112185138180,174,23.6800
112185138180,178,34.1600
112185138180,218,48.7900
112188949685,45,15.3500
112188949685,156,21.5900
112217612356,150,31.2400
112217612356,213,39.8500
112220259827,3,11.0300
112220259827,42,6.6200
112220259827,145,6.4500
112220259827,176,5.7600
112220259827,221,8.2700
112225724664,53,79.4800
112225724664,68,61.4900
112225724664,172,163.8200
112227207217,117,62.2600
112227951603,33,46.6900
112227951603,42,37.6500
112227951603,133,60.5700
112227951603,146,55.2500
112227951603,149,28.6900
112232876048,11,32.5200
112232876048,169,45.9800
112232876048,205,33.5100
112238398440,8,49.9800
112238398440,80,46.7100
112238398440,124,34.3400
112238398440,220,47.1900
112247915747,1,13.7100
112247915747,9,27.8400
112247915747,128,24.4700
112247915747,142,24.4900
112247915747,209,26.9900
112259640711,186,14.6800
112260590952,15,16.8900
112260590952,20,31.1000
112260590952,203,29.1200
112262290462,50,41.5500
112262290462,137,40.6900
112262290462,207,44.4500
112262827183,113,13.9200
112262827183,207,33.9100
112263821990,31,64.0300
112263821990,38,89.1600
112263821990,164,66.9100
112264635293,187,48.5300
112264635293,207,57.6800
112264635293,214,47.3900
121583775662,3,40.7700
121583775662,41,41.3400
121583775662,110,56.0400
121599299590,20,194.2900
121599299590,91,257.8900
121599299590,122,344.1700
121611211313,18,43.8000
121611211313,19,37.1600
121611211313,80,30.8000
121611211313,180,38.1900
121611211313,209,27.4000
121628040397,46,13.9600
121628040397,114,11.2900
121628040397,172,17.8800
121628040397,177,8.6700
121628040397,206,10.7600
121631982264,11,7.8300
121631982264,40,5.3900
121631982264,122,6.4600
121631982264,154,8.8900
121746793394,12,27.5200
121746793394,110,18.5700
121746793394,124,33.0300
121746793394,143,26.8300
121896411598,4,70.8900
121938305748,14,105.5800
121938305748,21,70.1700
121938305748,50,94.1400
121938305748,101,75.6000
121982637871,125,35.2200
121982637871,130,28.7400
121982637871,137,51.4300
121982637871,148,33.4700
121982637871,215,24.8900
122004000091,105,36.1100
122004000091,212,47.2700
122016898191,10,22.5400
122016898191,32,21.5200
122016898191,39,17.1200
122016898191,69,27.3500
122016898191,92,23.0600
122016898191,174,23.7700
122016978907,33,349.4500
122016978907,50,477.0100
122016978907,78,413.1200
122016978907,116,381.3700
122016978907,122,350.2500
122093315436,82,2.3500
122093315436,107,2.9600
122093315436,113,2.0300
122093315436,132,1.8200
122093315436,180,2.9200
122093315436,191,2.5800
122105034114,26,43.8900
122105034114,66,40.6900
122105034114,86,46.3400
122105034114,87,42.5500
122105034114,198,38.2300
122181760101,83,14.8000
122181760101,120,11.3200
122181760101,159,5.6300
122181760101,173,14.0600
122181760101,176,11.6200
122181760101,189,13.8600
122192494797,66,8.0400
122192494797,116,5.6400
122192494797,136,6.1400
122201862796,15,9.6500
122201862796,56,14.5900
122201862796,81,16.6100
122201862796,114,13.7000
122201862796,152,11.3300
122201862796,176,15.8600
122201876630,36,30.0200
122201876630,78,27.8000
122201876630,113,23.2300
122201876630,164,35.2200
122201876630,168,29.2900
122223595690,22,31.5800
122223595690,62,41.0600
122223595690,68,59.0300
122223595690,104,48.7600
122223595690,124,41.9200
122223595690,147,31.5800
122223595690,185,36.5900
122227867511,10,9.6500
122227867511,93,16.8500
122227867511,97,19.4100
122227867511,164,11.2700
122227867511,218,12.5300
122249011033,25,24.7100
122249011033,122,21.1300
122249180977,16,96.7900
122249180977,33,76.1900
122249180977,110,122.0800
122249180977,113,97.5100
122249180977,214,144.3700
122253331737,8,36.9600
122253331737,76,26.9700
122253331737,105,47.3000
122253331737,124,46.2300
122254013461,22,17.7500
122254013461,31,28.5400
122254013461,43,12.8100
122254013461,108,27.1300
122254013461,111,19.7200
122254013461,157,25.2800
122254691794,56,22.8200
122254691794,69,20.6500
122254691794,72,43.2900
122254691794,157,35.5500
122254691794,203,34.3700
122270494683,15,25.9700
122270494683,122,60.5200
122270494683,212,30.9700
122270494683,222,33.8100
122272710488,38,12.5100
122272710488,76,14.1300
122272710488,194,12.2300
122272735544,69,10.8800
122272735544,125,16.8500
122272735544,140,9.4300
122272735544,201,13.4200
122274120419,200,37.7300
122274120419,207,26.1100
122276583234,14,36.3700
122276583234,39,20.2000
122280426180,21,38.4200
122280426180,30,22.4500
122280426180,33,50.0500
122280426180,142,44.1300
122280426180,160,49.3600
122280426180,218,30.5800
122286229843,43,21.3600
122286229843,128,22.3300
122286229843,143,28.2700
122286229843,162,24.0500
122286229843,221,16.2600
122287617049,23,110.9600
122287617049,161,117.9800
122287617049,167,147.0600
122290479816,3,68.3400
122290479816,149,61.0900
122290479816,155,55.9200
122290479816,187,50.8600
122290479816,220,88.6400
122295429236,11,56.4100
122295429236,45,32.2100
122295429236,83,48.3800
122295429236,206,39.8900
122295429236,207,51.9900
122296918798,15,22.9100
122296918798,17,30.9900
122296918798,43,36.0000
122296918798,101,39.6900
122296918798,148,28.1000
122296918798,182,22.2300
122296920278,38,37.5600
122296920278,59,51.9100
122296920278,62,30.7100
122296920278,121,19.8400
122298183437,29,42.5100
122298183437,30,54.9500
122298183437,69,23.0200
122298183437,75,30.4100
122298183437,116,35.8000
122298183437,181,20.2000
122303340374,18,42.0300
122303340374,19,34.3600
122303340374,53,33.8300
122303340374,163,50.7200
122303340374,179,24.0700
122303340374,208,31.6000
122304703309,35,6.0900
122304703309,125,7.9900
122304703309,169,3.1400
122304703309,174,5.9300
122304703309,178,5.4800
122304703309,203,4.3100
122304703309,217,5.4100
131494423571,41,81.8500
131494423571,70,118.6000
131494423571,118,92.7200
131494423571,178,113.5600
131730258692,62,26.8500
131730258692,66,24.8900
131730258692,111,29.0300
131730258692,141,37.3100
131730258692,162,36.9700
131730258692,194,44.8800
131730258692,208,29.3600
131768922403,57,328.4900
131768922403,137,360.8200
131768922403,159,414.7000
131768922403,223,302.0200
131789874313,34,199.0700
131789874313,43,248.3300
131789874313,84,255.1900
131789874313,106,387.0900
131789874313,151,237.1000
131789874313,153,330.8600
131827913090,20,13.7000
131827913090,105,33.6100
131827913090,132,20.4600
131827913090,184,9.4700
131846321150,88,401.0000
131846321150,108,360.9100
131846321150,156,439.7600
131846321150,172,525.8900
131846321150,187,462.0100
131846321150,205,509.6000
131860710926,141,414.6800
131873666942,37,351.6700
131880339086,84,683.7600
131880339086,108,936.4000
131880339086,113,302.4000
131880339086,125,337.6800
131880339086,136,478.6100
131897718812,29,14.9900
131897718812,30,17.0300
131897718812,56,17.5300
131897718812,66,10.9300
131897718812,92,17.6600
131897718812,114,12.3300
131897718812,173,20.1200
131936085200,185,341.8500
131936085200,203,290.8800
131949033864,16,17.5000
131949033864,19,9.3700
131949033864,74,14.6600
131949033864,80,9.5900
131949033864,117,11.9700
131949033864,125,12.1600
131949033864,157,12.5900
131949033864,200,17.3800
131949033864,210,16.8100
132046582818,2,28.6600
132046582818,6,19.2100
132046582818,25,34.4000
132046582818,112,19.6200
132046582818,149,26.7900
132047622034,28,25.6400
132047622034,123,17.9000
132047622034,132,20.7900
132047622034,169,20.1800
132047622034,210,29.0900
132048459680,48,13.2600
132048459680,49,20.6600
132048459680,51,22.2100
132048459680,96,18.7500
132048459680,140,16.4900
132048459680,141,22.6600
132048459680,172,19.9400
132049222969,37,19.4000
132049222969,147,13.6300
132049222969,211,15.0700
132049976024,7,15.3900
132049976024,123,7.2100
132049976024,136,5.7700
132049976024,153,21.6900
132049976048,12,30.0100
132049976048,103,15.2900
132049976048,200,19.9000
132049976048,208,17.7100
132050293109,208,14.8800
132061174669,56,14.0700
132061174669,81,15.4700
132061174669,182,17.4700
141594589453,11,13.5800
141594589453,18,27.1100
141594589453,124,15.0400
141594589453,151,11.4300
141606587069,29,83.5600
141606587069,143,102.9300
141606587069,157,112.0200
141685472704,25,23.6100
141685472704,91,20.0300
141685472704,104,30.7100
141744525068,14,87.9800
141744525068,32,154.0100
141744525068,45,105.6200
141744525068,49,99.3600
141744525068,95,224.3200
141744525068,129,118.5400
141744525068,155,101.6100
141744525068,202,116.8100
141744525068,216,101.6000
141762555257,34,42.2800
141762555257,171,25.0200
141762555257,208,47.3500
141762555257,222,24.8100
141764533970,18,47.6700
141764533970,132,27.2000
141815589942,3,15.0600
141815589942,65,12.5600
141815589942,210,10.5300
141815589942,222,17.4600
141837946621,1,95.0000
141837946621,29,63.6300
141837946621,112,65.9000
141837946621,120,66.6900
141837946621,127,74.2300
141837946621,213,81.1400
141848717478,36,256.3100
141848717478,112,344.5800
141848717478,167,273.5400
141848717478,176,213.0900
141848717478,223,338.1700
141971312587,13,14.7800
141971312587,67,15.5900
141971312587,71,10.8100
141971312587,78,21.1800
141971312587,111,8.8900
141996967454,3,32.1700
141996967454,41,40.3200
141996967454,106,31.3800
141996967454,114,52.1000
141996967454,169,19.5500
141996967454,194,23.9900
141996967454,207,37.2300
142025954975,91,4.4200
142025954975,108,5.4200
142025954975,137,2.7800
142025954975,148,3.2300
142025954975,185,3.1800
142025954975,220,2.6300
142032547113,1,865.9600
142032547113,14,936.2500
142032547113,20,423.8000
142032547113,61,549.2900
142032547113,117,817.7600
142083719631,70,221.3400
142083719631,164,297.8600
142083719631,173,231.4200
142170026857,9,693.9600
142170026857,67,562.5700
142170026857,104,287.3600
142170026857,171,544.6100
142170026857,188,270.9500
142170026857,189,438.1100
142170026857,204,377.8800
142170026857,218,364.3100
142211055851,31,207.5500
142211055851,35,111.7500
142211055851,54,106.4600
142211055851,137,156.9500
142211055851,219,128.0500
142234837712,60,394.8300
142234837712,65,588.8000
142234837712,170,224.8700
142234837712,221,472.7000
142235487196,48,45.3800
142235487196,62,49.9600
142235487196,77,68.3000
142235487196,139,71.7400
142235487196,145,69.5800
142235487196,158,60.8900
142235487196,187,48.0300
142240354176,12,48.4400
142240354176,31,73.3300
142240354176,123,65.6600
142240354176,139,47.3300
142240354176,146,93.9400
142240354176,168,38.3800
142240354176,171,34.2500
142240414140,37,37.3400
142240414140,213,24.2600
142242197804,48,159.6000
142242197804,118,219.1600
142242197804,169,192.6300
142242197804,213,190.1100
142242197804,216,156.2500
151907436202,145,145.1400
151907436202,156,148.1100
151988926015,16,51.0200
151988926015,45,52.9700
151988926015,65,53.6800
151988926015,202,62.9900
151992973864,186,199.8000
152044309936,33,9.2500
152044309936,62,18.1500
152044309936,82,10.9200
152044309936,94,10.4300
152044309936,206,14.8000
152059570912,2,2.4300
152059570912,146,3.3300
152068513126,165,8.6800
152068513126,222,8.6000
152069075651,6,41.3500
152069075651,18,16.2700
152069075651,33,20.7200
152069075651,175,28.3200
152101075935,103,4.8900
152101075935,109,6.7400
152101075935,201,5.1300
152101075935,218,6.4200
152136837876,56,14.3400
152136837876,131,10.8100
152136837876,133,11.9300
152136837876,134,8.6800
152136837876,218,14.8600
152152245374,66,62.5500
152152245374,167,67.8100
152169284093,5,186.8300
152169284093,60,133.6800
152169284093,70,189.3900
152191939330,106,13.3300
152191939330,141,20.1900
152191939330,158,26.5100
152223577953,50,9.8500
152223577953,102,6.3800
152223577953,121,15.2200
152223577953,188,13.9700
152223577953,218,10.1000
152224008858,51,10.6700
152224008858,69,9.3600
152224008858,139,10.1600
152224008858,203,7.9400
152232095255,71,11.8900
152232095255,81,15.4500
152232095255,122,15.5100
152232095255,165,9.0800
152232095255,177,23.2200
152232095255,206,18.8100
152341090443,9,6.5900
152341090443,74,9.5500
152341090443,77,12.7600
152341090443,84,14.4200
152341090443,128,8.3600
152341090443,177,8.7500
152355888292,65,41.8700
152364487078,7,47.6700
152364487078,94,49.0500
152364487078,111,28.2500
152364487078,183,49.6400
152364487078,188,34.7200
152364487078,216,35.0800
152389393032,30,20.4200
152389393032,56,24.9900
152389393032,184,20.2500
161696166307,34,105.4200
161696166307,57,106.0900
161696166307,80,124.9000
161696166307,84,115.0900
161696166307,151,84.0600
161696166307,155,101.7100
161696166307,198,102.0000
162008556525,6,16.3600
162008556525,160,19.0900
162008556525,213,13.9600
162014977511,71,93.4200
162014977511,167,115.1400
162014977511,177,124.2800
162014977511,203,63.5600
162178289225,52,20.9200
162178289225,117,23.8600
162178289225,124,15.0700
162178289225,131,27.3600
162178289225,144,17.3200
162201342610,88,17.5000
162201342610,89,19.2400
162228780073,37,104.8300
162228780073,125,99.7600
162228780073,209,131.4000
162228780073,213,156.4400
162228780073,223,94.8100
162259317293,95,30.7100
162259317293,135,48.2000
162259317293,136,35.6600
162259317296,93,21.8800
162259317296,174,16.5900
162262950471,88,27.2000
162262950471,91,22.7400
162262950471,132,36.2400
162262950471,218,24.2900
162310841485,1,18.2900
162310841485,21,12.9400
162310841485,71,12.0300
162310841485,162,16.5500
162318958474,69,22.7600
162318958474,70,24.2200
162318958474,126,21.5900
162318958474,220,22.9400
162318958481,28,27.1300
162318958481,47,31.2100
162318958481,106,42.0500
162318958481,133,23.0300
162318958481,214,27.2600
162318958490,11,112.5000
162318958490,180,132.7200
162318958490,195,67.5200
162318958497,74,32.6700
162318958497,130,48.8100
162318958497,154,39.6900
162318958497,186,38.5400
162318958497,212,39.8200
162319308638,13,25.5800
162319308638,141,25.0600
162319308638,167,33.5400
162320810262,10,19.7600
162320810262,63,20.4700
162320810262,142,30.4500
162320810262,187,21.1600
162329148106,41,15.2100
162329148106,82,14.6300
162329148106,112,10.0200
162329148111,38,28.6200
162329148111,77,22.5200
162329148111,134,22.1900
162329148111,136,20.9000
162329148111,166,27.3700
162335467285,2,97.3900
162335467285,9,68.6600
162335467285,21,86.8700
162335467285,35,76.9000
162335467285,70,64.4200
162335467285,96,116.1200
162335467285,140,66.8200
162346880416,27,23.2700
162346880416,163,14.9100
162346929096,42,14.9700
162346929096,123,10.0900
162347047297,114,24.3000
162347047297,199,24.6200
162347404356,62,10.9800
162347404356,83,19.6100
162347404356,135,14.6500
162353226223,27,21.9600
162353226223,33,37.1000
162353226223,171,21.1700
162354787544,65,17.9100
162354787544,134,20.0800
162354787544,216,14.1400
171415198078,8,54.2800
171415198078,28,42.5600
171415198078,96,47.5700
171415198078,153,34.7400
171535145716,53,850.6900
171535145716,164,705.3800
171535145716,197,1012.6500
171535145716,218,885.0900
171572277390,1,490.8900
171572277390,107,360.3000
171572277390,125,473.9400
171572277390,157,411.8000
171572277390,180,355.1900
171826028577,14,155.1300
171826028577,23,164.1000
171826028577,46,112.6600
171826028577,62,113.8200
171826028577,142,210.1600
171826028577,163,149.6100
171844776061,38,101.4000
171844776061,77,89.9500
171844776061,79,108.5300
171974279353,4,19.2500
171974279353,15,16.4100
171974279353,57,25.2500
171974279353,126,19.8300
172205173452,63,8.5000
172216145355,97,118.4200
172216145355,119,126.9500
172216145355,152,108.5500
172216145355,172,111.7500
172216145355,216,152.4100
172221952140,7,269.1200
172221952140,46,354.4400
172221952140,63,349.7300
172221952140,147,287.2400
172221952140,181,262.4700
172221952140,185,235.4600
172221952140,192,374.1400
172221952140,221,202.5900
172265543909,22,31.8100
172265543909,28,37.4600
172265543909,81,39.4100
172265543909,85,61.3500
172265543909,94,34.8700
172265543909,127,37.1300
172265543909,194,52.3900
172283340276,23,170.3300
172283340276,57,105.2600
172343176857,25,5.3600
172343176857,69,4.2200
172390380938,167,21.2800
172398554811,26,59.2300
172398554811,130,53.1100
172398554811,161,38.8800
172400262872,10,19.5100
172400262872,122,12.1400
172400262872,216,13.7400
172401123778,98,43.0700
172401123778,157,38.9000
172401123778,215,34.3100
172401437195,18,8.7200
172401437195,26,11.0400
172401437195,33,11.7300
172401437195,35,11.1800
172401437195,201,8.9000
172451520407,33,39.6900
172451520407,39,18.6900
172451520407,102,21.7900
172451520407,124,26.3800
172451520407,150,43.1600
172451520407,183,26.1600
172451520407,184,25.1100
172456531468,96,30.9600
172456531468,100,52.1700
172456531468,150,43.3400
172456531468,175,44.9000
172468188035,94,17.3200
172468188035,98,13.6100
172473136387,116,11.6600
172475157465,16,1.3800
172475157465,26,0.8600
172475157465,30,1.2100
172475157465,79,0.9600
172475157465,201,0.9700
172475538803,16,132.5700
172475538803,24,237.5200
172475538803,42,201.4600
172475538803,51,299.8800
172475538803,64,145.9300
172475538803,123,175.5400
172475538803,203,135.7800
172475538803,208,141.0100
172480242394,100,48.4600
172480242394,165,60.1000
172480452383,75,15.0500
172480452383,130,16.7000
172480452383,134,18.3400
172480452383,177,13.6800
172480452383,200,10.7700
172480452383,209,11.1300
172480452383,223,11.7400
172482426737,154,33.2300
181100562930,97,172.4600
181100562930,141,218.1900
181100562930,153,222.4800
181605350521,52,270.6700
181605350521,78,322.0800
181605350521,90,317.3500
181605350521,128,354.2000
181823498906,47,21.0000
181823498906,78,26.0500
181823498906,175,25.9300
181823498906,218,40.8800
181990378630,9,70.7100
181990378630,49,67.0300
181990378630,125,52.9400
181990378630,171,69.4600
181990378630,174,61.1200
182135291534,51,13.0700
182135291534,59,26.6800
182135291534,64,16.5800
182135291534,67,16.1900
182135291534,145,15.7400
182135291534,160,14.3600
182230892718,166,15.6700
182269143724,58,27.2300
182269143724,85,16.0600
182385402224,43,30.5100
182385402224,91,73.9200
182397052956,37,371.7600
182397052956,83,411.1400
182397052956,92,182.0200
182397052956,104,432.0200
182397052956,130,402.6100
182397052956,136,221.4600
182397052956,183,513.7700
182397052956,184,375.4700
182397052956,213,483.5000
182407967287,128,3.0800
182407967287,163,3.8200
182412857725,181,281.1600
182412857725,220,212.9900
182413764014,63,762.0100
182413764014,118,805.1600
182413764014,203,1107.0600
191366998557,49,197.9800
191366998557,103,243.6100
191366998557,111,245.8400
191366998557,170,115.6000
191366998557,201,406.1600
191366998557,217,261.5900
191474922108,42,123.5500
191474922108,76,82.7800
191474922108,137,82.1800
191474922108,147,87.9700
191625346636,35,12.2700
191625346636,67,22.8600
191625346636,137,12.4000
191761410162,121,34.0300
191761410162,127,29.6800
191761410162,141,17.5800
191783636675,9,27.0600
191783636675,21,17.6400
191783636675,69,24.1000
191783636675,91,19.8000
191783636675,96,18.1800
191783636675,190,15.0200
191796335611,92,186.0000
191796335611,104,174.2000
191796335611,128,188.5300
191796335611,222,217.8500
191835739449,152,80.6800
191835739449,203,113.2900
191850851551,4,48.6900
191850851551,96,32.8300
191850851551,196,45.9100
191856367899,145,165.1800
191856367899,169,113.6800
191856367899,219,96.2200
191869800151,35,56.7800
191869800151,45,55.6900
191869800151,92,54.8500
191869800151,154,34.5300
191893293344,15,250.0300
191893293344,31,215.9400
191893293344,68,288.7600
191893293344,88,365.9900
191893293344,123,396.4400
191893293344,129,287.3100
191893293344,138,256.2800
191893293344,169,430.2900
191893293344,203,277.9300
191893293344,215,206.7800
191921980162,2,520.1800
191921980162,50,457.6700
191921980162,62,517.7300
191921980162,76,501.9600
191921980162,86,565.4100
191921980162,94,535.6200
191921980162,113,524.3500
191935150693,58,86.1200
191935150693,89,105.6000
191935150693,95,89.7400
191935150693,202,91.1500
191935150693,211,101.4800
191947255582,70,62.7700
191947255582,217,71.6700
191967516012,16,113.3700
191967516012,78,74.3600
191967516012,167,120.8800
191967516012,203,148.7000
192026962961,21,132.1200
192026962961,62,136.5200
192026962961,91,139.0000
192026962961,92,174.5700
192026962961,122,190.8900
192026962961,154,125.1800
192026962961,173,143.4800
192047000615,9,181.3800
192047000615,34,340.0200
192047000615,139,245.4400
192047000615,171,256.7900
192047000615,197,182.7000
192057623418,6,232.7300
192059044625,45,7.8200
192059044625,77,6.3400
192059044625,186,4.9900
192071020893,30,23.5400
192071020893,68,27.0200
192071020893,163,20.8400
192071020893,168,24.5600
192071020893,196,28.3500
192073170049,102,88.2800
201109051947,12,10.9000
201109051947,79,10.2800
201109051947,110,7.8700
201109051947,116,9.0700
201109051947,146,11.2300
201109051947,162,8.7900
201109051947,183,9.1500
201109051947,218,8.6800
201123983365,57,13.9200
201123983365,96,13.6300
201123983365,97,11.8200
201123983365,209,13.1600
201123983365,213,13.4800
201298961923,47,13.4700
201298961923,73,15.1100
201298961923,117,10.6100
201298961923,177,8.0400
201393944357,34,40.8800
201393944357,95,58.4400
201393944357,133,42.3800
201393944357,160,56.3400
201455475377,78,142.0700
201455475377,167,110.6200
201455475377,182,114.2800
201455475377,199,75.7400
201552036864,4,70.1400
201552036864,26,53.0500
201552036864,123,85.2300
201581483807,94,116.6200
201581483807,114,109.8800
201581483807,159,138.5900
201653574232,3,113.4300
201653574232,42,69.7300
201653574232,82,95.4800
201653574232,87,97.2100
201653574232,89,153.0700
201653574232,112,139.0500
201653574232,146,102.3100
201653574232,223,135.2800
201711236566,63,335.8000
201711236566,112,336.3500
201711236566,125,449.6800
201711236566,131,325.5500
201711761383,31,155.2300
201711761383,39,123.4900
201711761383,149,161.6200
201711761383,177,99.3200
201731868756,13,32.4700
201731868756,72,38.7400
201731868756,73,26.2000
201731868756,97,19.3300
201731868756,143,30.9600
201763237774,53,0.6700
201763237774,92,0.7100
201763237774,105,0.9900
201763237774,110,0.9500
201763237774,150,1.5200
201763237774,168,0.9300
201763237774,218,0.4200
201770601480,13,4.0600
201770601480,40,5.9900
201770601480,76,4.2800
201770601480,99,4.9200
201770601480,136,5.4600
201770601480,180,3.9500
201771160910,36,180.4600
201771160910,50,292.5500
201771160910,179,123.7400
201777397373,98,4.4000
201777397373,155,4.5200
201777397373,200,5.3300
221619547999,43,29.1100
221619547999,52,16.4400
221619547999,157,17.4300
221619547999,171,24.9500
221625985238,13,20.2800
221625985238,50,17.5000
221625985238,146,8.2700
221690669336,58,20.6900
221690669336,147,17.5800
221690669336,154,12.9200
221690669336,195,19.7200
221840902977,33,45.8300
221840902977,73,32.4700
221840902977,85,46.8800
221840902977,110,43.2000
221840902977,152,47.9200
221840902977,206,108.9200
221849213939,96,208.1600
221865651165,29,116.8200
221865651165,70,66.2500
221865651165,207,117.3900
221865651165,218,86.6100
221865665426,26,193.5300
221865665426,97,159.4600
221865665426,124,75.7700
221881559033,81,13.4900
221881559033,123,8.5800
221881559033,152,16.7800
222000704702,96,91.6800
222000704702,114,86.0600
222000704702,141,78.6600
222015711637,181,1.9600
222040846341,5,22.2000
222040846341,33,8.8500
222040846341,45,13.3600
222040846341,172,17.7800
222076052871,59,470.1000
222076052871,68,237.1400
222076052871,120,392.8900
222076052871,150,260.4000
222076052871,184,225.7900
222084872288,75,308.3400
222084872288,165,540.5700
222088959188,9,13.8100
222088959188,84,16.4000
222121081182,73,11.0300
222121081182,82,13.1700
222121081182,123,16.0600
222121081182,148,9.3200
222121081182,165,17.2000
222121081182,201,13.3900
222152461690,192,212.9800
222152461690,195,141.7700
222152461690,211,201.3000
222152461690,220,185.4800
222207533621,12,16.1100
222207533621,14,28.4900
222207533621,181,12.6400
222207533621,200,18.6700
222233950588,108,441.4400
222233950588,140,245.9400
222233950588,158,249.7300
222233950588,187,307.0900
222233950588,206,189.9000
222244532354,46,218.3400
222244532354,75,155.6100
222244532354,168,154.9700
222249225886,104,28.4700
222249225886,213,44.2100
222260131673,87,9.6400
222260131673,151,13.0000
222260131673,159,11.6400
222270641259,28,8.9900
222270641259,167,6.1500
222272856353,86,7.3400
222272856353,97,12.1300
222272856353,128,17.0400
222272856353,129,8.4800
222274629028,57,5.4600
222274629028,98,5.7300
222274629028,207,4.7900
222280283051,107,78.4200
222280283051,161,87.6600
222280283051,166,135.1800
222280283051,176,116.8300
222288774385,122,14.8700
222289178220,91,22.7300
222289178220,105,18.5300
222289178220,113,14.2900
222289178220,167,10.9700
222289178220,181,28.0200
222289178220,219,14.8300
222330974736,119,90.0000
222330974736,203,84.8300
222331268015,47,6.7500
222331268015,59,10.7800
222331268015,87,9.9900
222331268015,110,6.5800
222331268015,134,4.7100
222331268015,167,5.9900
222331268015,182,12.9600
222345104346,86,8.5600
222345104346,89,6.6200
222345104346,166,7.3900
222348822567,136,12.7000
222348822567,178,10.4500
222354306674,28,8.3500
222354306674,107,13.2100
222354306674,164,8.4500
222354306674,209,13.7700
222358462786,20,30.7200
222358462786,83,45.1100
222358462786,134,37.6600
222358462786,165,49.6300
222365339859,121,494.5200
222365339859,174,579.6500
222365339859,202,622.1900
222365339869,85,801.0600
222365339869,181,421.4000
222365339869,189,506.1800
222365339869,198,663.0300
222365339869,215,445.8500
222365339876,12,519.3800
222365339876,26,958.9100
222365339876,112,803.5600
222365339876,203,774.3700
222365339876,214,734.6900
222365339880,5,133.2400
222365339880,51,185.1500
222365339880,96,113.9200
222367633553,2,68.6300
222367633553,6,68.0400
222367633553,207,92.3400
222369697422,56,11.0300
222369697422,57,11.7500
222369697422,88,13.0500
222372112038,57,839.3600
222372112038,93,802.6600
222372112038,105,717.6300
222372112038,124,573.4600
222372112038,139,462.4400
222373871297,69,33.3500
222373871297,101,41.7300
231173203716,74,19.1900
231173203716,102,32.2300
231173203716,196,14.9900
231182663537,93,6.4900
231182663537,101,7.7500
231182663537,102,6.3400
231182663537,113,11.0400
231182663537,205,13.5700
231487453540,28,42.3100
231487453540,71,25.6800
231487453540,102,22.3600
231487453540,141,17.1100
231487453540,193,29.8400
231487453540,222,27.0100
231594333976,56,18.1100
231594333976,99,25.7500
231594333976,177,13.8600
231611240768,4,16.1600
231611240768,83,10.9800
231726616201,26,11.4300
231726616201,186,14.7700
231876236792,64,12.6300
231876236792,141,13.7600
232186158725,70,16.5700
251703344245,103,12.1600
251703344245,120,10.1100
251703344245,136,9.5500
251703344245,168,7.4500
251703344245,183,10.6200
252095709599,96,9.4900
252095709599,104,10.8900
252095709599,107,14.4100
252095709599,180,8.4100
252114095494,7,20.2300
252114095494,19,20.2300
252114095494,24,18.2300
252114095494,119,13.5300
252114095494,125,18.6300
252114095494,164,15.4400
252275872744,4,17.6500
252275872744,96,13.3900
252275872744,107,11.9200
252275872744,120,11.3400
252275872744,154,17.1100
252275885098,14,8.9500
252275885098,24,5.0500
252275885098,78,5.3500
252275885098,88,3.4200
252275885098,100,7.4900
252275885098,101,7.4800
252275885098,131,7.2000
252275885098,206,6.9900
252275885098,215,5.7700
252290386757,120,93.7300
252290386757,125,54.6600
252290412387,76,248.0100
252290412387,79,307.7500
252290412387,159,358.4500
252290412387,218,366.1200
252290545996,45,18.9900
252290545996,47,18.5200
252290545996,103,14.8600
252290545996,107,15.1900
252296091935,22,105.4400
252296091935,73,103.6200
252296091935,85,109.6800
252296120126,27,384.7000
252296120126,72,363.7100
252296120126,131,409.3700
252296120126,166,439.5300
252296120126,186,358.4500
252304805546,11,82.8300
252304805546,13,65.6700
252304805546,49,68.4800
252304805546,110,54.4500
252304807127,96,45.7400
252304807127,141,25.4200
252306485484,48,135.2800
252306485484,125,137.3100
252306485484,135,262.7500
252324090717,128,70.1500
252324090717,137,81.5200
252324090717,179,93.2200
252325285346,37,11.5200
252325285346,121,15.0000
252325285346,215,9.4000
252328637770,43,63.2400
252328637770,84,53.9500
252328637770,91,68.7700
252328637770,105,72.2700
252328637770,196,100.2400
252328637770,197,79.9900
252334852398,6,218.9400
252334852398,9,98.2300
252334852398,30,102.2800
252334852398,54,142.7100
252334852398,169,83.5100
252334852398,175,106.5400
252334852398,213,148.2400
252338736096,65,20.5200
252338736096,90,21.1000
252338736096,181,17.5400
252338736096,215,20.0000
252339381918,16,80.8300
252339381918,24,141.5900
252339381918,62,104.2900
252339381918,64,107.9200
252339381918,167,115.5100
252339381918,190,89.2700
252345734481,12,12.3800
252345734481,17,15.4300
252345734481,143,19.9700
252345734481,174,24.7200
252355180405,34,167.7200
252355180405,41,120.2700
252355180405,48,170.8900
252355180405,74,167.8800
252355180405,196,156.0600
252359606593,27,82.6100
252359606593,102,65.2400
252359606593,147,81.7200
252362602442,38,13.2900
252362602442,51,11.8100
252362602442,81,10.9100
252362602442,103,13.5600
252362602442,157,15.9500
252362602442,159,17.4700
252362602442,172,10.0300
252362602442,184,13.1600
252363004547,54,22.1500
252363004547,80,11.0300
252363465055,103,9.3500
252363465055,114,13.7800
252363465055,116,12.3300
252363465055,140,9.9600
252363465055,171,13.5500
252363465055,185,15.3700
252368172620,34,16.0500
252368172620,50,15.1100
252368172620,57,27.4400
252368172620,100,12.8100
252368172620,175,21.2200
252370764649,15,30.8500
252370764649,19,20.9000
252370764649,22,36.0300
252370764649,43,25.5600
252370764649,59,24.9100
252370764649,65,25.4500
252370764649,141,24.5000
252370764649,144,24.1600
252370764649,163,20.2600
252370764649,166,18.5700
252370764649,200,24.2700
252370764649,212,20.2500
252384698818,68,71.7600
252384698818,140,111.7700
252384698818,185,123.1000
252384698818,206,168.5100
252435459432,12,285.1100
252435459432,14,411.3100
252435459432,20,245.7100
252435459432,56,282.4400
252435459432,176,253.0500
252435887693,11,5.1100
252435887693,122,13.6500
252443394948,13,305.0400
252443394948,103,151.5900
252443394948,136,219.0000
252443394948,142,128.4400
252443394948,216,199.1100
252443406630,84,314.2200
252443406630,106,252.3300
252551810522,126,72.4700
252551810522,213,54.3400
252570043229,4,36.1800
252570043229,30,34.7900
252570043229,116,36.3900
252570043229,137,31.3600
252570043229,166,36.7800
252570043229,215,26.0400
252592890115,18,15.6100
252592890115,37,15.1500
252592890115,47,16.3300
252592890115,180,21.6200
252592890115,212,11.9500
252613382393,53,13.0700
252613382393,63,13.5900
252649216405,57,30.7000
252649216405,116,51.3600
252681635918,167,34.6800
252684938283,25,11.3400
252684938283,41,7.9200
252684938283,42,14.1600
252684938283,193,9.2000
252687096975,42,28.7000
252687096975,67,21.9100
252690254904,17,99.8500
252690254904,37,84.9900
252690254904,75,98.2800
252690254904,182,86.8000
252692381414,28,350.5400
252692381414,51,413.6300
252692381414,52,362.6500
252692381414,89,490.8900
252692381414,97,353.5900
252692381414,219,502.5600
252692386789,108,351.7100
252694115522,71,132.7200
252694115522,74,106.2600
252694115522,107,158.3300
252694115522,132,89.5500
252694115522,144,70.2000
252695011864,14,75.1500
252695011864,37,89.8200
252695011864,85,91.2500
252695011864,145,71.9100
252695011864,175,143.3300
252707365613,3,88.2200
252707365613,31,41.1300
252707365623,65,52.0100
252707365623,148,24.3900
252707365623,158,33.6500
252707365623,197,34.2300
252712423239,30,131.2500
252712423239,35,81.1800
252712423239,38,156.8600
252712423239,111,64.5200
252712423239,132,82.2000
252712424617,4,139.5500
252712424617,138,141.7600
252712424617,172,91.0200
252712424617,186,145.0900
252712634230,7,183.1800
252712634230,27,166.3000
252712634230,124,174.3900
252712634230,184,197.7100
252714164616,125,165.5600
252714164616,222,161.8000
252714387911,44,64.1900
252714387911,117,71.5600
252716945473,16,19.3200
252716945473,68,14.9000
252716945473,123,23.7900
252716945473,177,20.6100
252716945473,186,18.6000
252718346855,64,172.5100
252718346855,127,91.2700
252719729268,23,70.2200
252719729268,101,200.3800
252719729268,130,111.0700
252719729268,180,87.2000
252720540255,69,116.9400
252720540255,162,129.0600
252720540255,183,87.9100
252720540255,194,102.6600
252720540255,200,91.0000
252720540255,205,128.6600
252720540255,216,100.4800
252720541080,30,51.6100
252720541080,53,67.1100
252720541080,85,102.9100
252720541080,86,84.5600
252720541080,165,69.7200
252721015523,21,21.4800
252721015523,31,19.2300
261217751153,17,92.1000
261217751153,33,106.9800
261217751153,148,133.1700
261217751153,164,101.8900
261217751153,183,77.4300
261551518450,16,40.4500
261551518450,50,33.1600
261551518450,135,46.2000
261551518450,199,19.9600
261551518450,204,26.4900
261551518450,212,21.6400
261666755372,138,40.0000
261666755372,161,34.4900
261911147698,92,29.9000
261911147698,123,26.2900
261961146917,16,14.2600
261961146917,203,17.6100
261976848512,56,22.1400
261976848512,59,14.6600
261976848512,87,15.5100
261976848512,100,14.6200
261976848512,125,17.6900
261976848512,159,17.8100
261987185383,206,21.7900
261987185383,218,20.6400
262015778306,40,165.6000
262015778306,85,274.4600
262015778306,87,205.3800
262015778306,102,170.7200
262015778306,121,190.4500
262015778306,157,175.7000
262091972883,66,15.9100
262091972883,110,15.1200
262091972883,113,15.8600
262091972883,121,19.8200
262091972883,128,25.9100
262091972883,141,19.0200
262091972883,148,23.4700
262091972883,211,14.9000
262184962836,40,11.7700
262184962836,105,13.7300
262398211611,50,9.4700
262398211611,65,15.9200
262398211611,141,19.8900
262402001563,160,7.4200
262406712176,20,135.6300
262406712176,51,292.5500
262406712176,86,153.7100
262421620618,93,11.8100
262421620618,118,10.8700
262421620618,201,24.5900
262453735520,1,18.9100
262453735520,111,9.3600
262453735520,142,9.2000
262453735520,155,15.2100
262453735520,187,12.3800
262475058567,22,118.2300
262475058567,82,75.1000
262475058567,171,74.5300
262475058567,207,115.1600
262526035861,149,5.3200
262526035861,196,10.6100
262526035861,223,8.6400
262526049863,65,27.4700
262526049863,214,22.6600
262536674589,117,66.9700
262536674589,200,74.3900
262540595857,37,134.4200
262540595857,46,153.6500
262540595857,117,183.4100
262540595857,133,157.3900
262540595857,165,206.5600
262540595857,176,241.7600
262540595857,202,221.8700
262540595857,209,260.8500
262563035918,25,141.8500
262563035918,76,115.7800
262563035918,84,104.9100
262563035918,96,112.8200
262563035918,165,132.7500
262637230179,36,6.6900
262637230179,61,5.0600
262637230179,202,7.7900
262708282246,18,24.0400
262708282246,55,40.1100
262708282246,56,23.5100
262708282246,79,33.2200
262708282246,93,19.4500
262708282246,122,32.9300
262708352955,132,26.4300
262708352955,169,57.9400
262708352955,178,22.8600
262708352955,208,20.9000
262708352955,219,65.1400
262709558915,91,121.3100
262709558915,111,58.8500
262709558915,144,93.8900
262709558915,180,112.3000
262709558915,221,78.1500
262717592222,3,151.9400
262717592222,24,124.7500
262717592222,27,160.4600
262717592222,124,211.8300
262717592222,174,138.9600
262717872279,27,192.3800
262717872279,105,189.0700
262717872279,119,165.5500
262717872279,219,131.8000
262731863822,54,119.5800
262731863822,171,192.6700
262731863822,190,113.8400
262731863822,206,140.7200
262733160839,40,65.3800
262733160839,68,84.1300
262733160839,112,123.6000
262733160839,135,113.1900
262733160839,204,81.1400
262733491502,56,47.1200
262733491502,89,52.5000
262733491502,218,61.5700
262739103164,158,13.6800
262757004478,39,43.4200
262757004478,73,44.5300
262757004478,97,49.0100
262758540308,124,111.4100
262758540308,140,150.6500
262758540308,152,121.3100
262758540308,186,93.0200
262758540308,199,76.3800
262758540308,217,108.3800
262767107444,202,7.8200
262767886317,64,30.7900
262767886317,73,19.2800
262767886317,167,31.5700
262767886317,168,58.0000
262767886317,197,34.4000
262767925833,21,15.5300
262767925833,122,14.8400
262778462531,1,26.6000
262778462531,38,18.8500
262778462531,46,11.9800
262778462531,86,23.9900
262778462531,89,23.5500
262778462531,94,40.7100
262778462531,115,16.4000
262778462531,210,25.4700
262781467003,104,9.9200
262781467003,158,8.7900
262792350243,9,141.6300
262792350243,33,176.8500
262792350243,56,231.6500
262792350243,76,141.1500
262792350243,91,193.6400
262792350243,99,162.1600
262792350243,114,137.0400
262792350243,147,183.3900
262792350243,167,135.1700
262793091160,7,23.7000
262793091160,65,34.2400
262793091160,79,20.1800
262793091160,198,39.7200
262793091160,213,25.6200
262794037212,50,9.0600
262794037212,173,15.3400
262799159915,52,112.5300
262799159915,98,57.3900
262799159915,102,77.5700
262799159915,173,84.4000
262799159915,177,59.1000
262799159915,201,64.5200
262801504604,23,258.8200
262801504604,151,206.2700
262801504604,218,218.9800
271370699375,16,114.2600
271370699375,55,73.0300
271370699375,121,79.6400
271370699375,132,69.6500
271370699375,157,81.9400
271370699375,173,87.8300
271398321548,21,9.0300
271398321548,35,6.4600
271503227235,46,158.0700
271503227235,68,234.6900
271503227235,105,222.7600
271527627241,74,8.2400
271527627241,121,11.1500
271733681570,101,9.5900
271733681570,129,5.9900
271733681570,209,8.1000
271733681570,212,4.8300
271787068221,8,69.6100
271787068221,9,97.8600
271787068221,28,83.8100
271787068221,130,106.6400
271787068221,194,78.9600
271787068221,199,58.6500
271825194374,18,168.8000
271840446411,62,139.8300
271840446411,155,92.5000
271840446411,157,117.4300
271840446411,163,84.2000
271840446411,199,97.2000
271840446411,221,93.8700
271884426798,56,171.3500
271884426798,102,194.4500
271884426798,207,141.1600
271884437124,7,135.4400
271884437124,15,192.8500
271884437124,29,138.6600
271884437124,35,145.2400
271884437124,88,241.9900
271884437124,108,195.0600
271884437124,175,147.9500
271884437124,219,126.3900
272065321948,46,11.3000
272065321948,119,11.7400
272065321948,127,7.3100
272065321948,172,9.1000
272139798117,54,96.3600
272139798117,81,121.4700
272139798117,117,68.8500
272139798117,129,121.8800
272139798117,205,106.7100
272180737847,41,13.9500
272180737847,43,16.8000
272180737847,65,11.6800
272180737847,71,17.9000
272180737847,87,9.7200
272180737847,104,16.2900
272180737847,132,16.9200
272180737847,143,23.0400
272180737847,172,19.8600
272180737847,180,13.7200
272180737847,182,12.4800
272180737847,223,15.0000
272202450904,2,21.0200
272202450904,71,27.3400
272202450904,76,49.9400
272210858740,65,8.7500
272210858740,102,20.7000
272210858740,159,9.1000
272210858740,170,13.9500
272210858740,178,11.2000
272239738285,36,138.0900
272239738285,105,82.7600
272239738285,188,97.4000
272241326053,21,58.9200
272241326053,32,67.6700
272241326053,96,51.6300
272241326053,183,70.4400
272278309964,20,162.9700
272278309964,107,105.4700
272278309964,183,99.6200
272278309964,207,111.2000
272327223380,20,117.8500
272327223380,114,72.7800
272327223380,133,69.8600
272327223380,159,99.6900
272327223380,204,99.9900
272342038144,18,164.8100
272342038144,93,189.8000
272342038144,104,235.2500
272344432468,10,52.6700
272344432468,53,39.8600
272344432468,99,52.0100
272344432468,125,46.7000
272344432468,133,52.9700
272344432468,141,68.0800
272344432468,148,60.2600
272350767573,37,28.7500
272350767573,61,19.8700
272350767573,67,25.9100
272350767573,79,12.0200
272350767573,182,14.5000
272350767573,195,16.5000
272350767740,71,10.1500
272350767740,95,17.2400
272350767740,137,10.3900
272350767740,150,15.2300
272364749117,48,222.2100
272364749117,63,222.0500
272387370270,215,26.2900
272390759496,47,236.2300
272390759496,106,225.4200
272390759496,116,196.1400
272392730979,28,19.8900
272392730979,193,29.0500
272392730979,195,22.4700
272399047919,21,22.5300
272399047919,119,26.1000
272399047919,146,33.8500
272399047919,189,34.2500
272399047919,199,42.0100
272412092985,33,36.8200
272412092985,58,39.8500
272412092985,93,35.8500
272412092985,142,28.4900
272412092985,172,43.3300
272415754099,3,9.7900
272415754099,57,11.1200
272415754099,68,8.9600
272415754099,95,14.4600
272415754099,108,9.9000
272415754099,161,6.7300
272415754099,207,10.3500
272415754099,212,12.4500
272417394368,32,24.2000
272417394368,66,19.9900
272417394368,151,14.3000
272434542436,21,26.9200
272434542436,48,42.5300
272434542436,71,49.2500
272434542436,162,38.0700
272434542436,177,28.6800
272434542436,180,27.4700
272458935577,32,38.2500
272458935577,136,57.6100
272458935577,160,46.6400
272478889903,31,34.1000
272478889903,62,31.6000
272478889903,65,38.5200
272478889903,106,44.8900
272478889903,190,38.3200
272478889903,207,31.3700
272483643005,50,84.5200
272483643005,127,96.1500
272483643005,204,120.9800
272483655098,21,120.8000
272483655098,180,119.5800
272486775823,6,10.8900
272486775823,17,8.3200
272486775823,40,8.8600
272486775823,54,10.6500
272486775823,85,13.1300
272486775823,179,9.8300
272487237007,79,201.2500
272487237007,154,325.5700
272487237007,209,267.2600
272493700994,55,56.8800
272493700994,74,52.9500
272493700994,115,63.7300
272493700994,128,64.7100
272493700994,138,42.8000
272493700994,177,47.3400
272494341412,23,224.0800
272494341412,49,325.1500
272494341412,108,211.5500
272494341412,197,476.5800
272494341412,216,461.3500
272498711297,40,29.2400
272498711297,56,35.5800
272498711297,89,34.3400
272498711297,114,38.3100
272498711297,193,36.7100
272513882749,33,461.8700
272513882749,53,509.5100
272513882749,56,635.9400
272513882749,101,667.0400
272513882749,127,619.4600
272513882749,128,647.5500
272513882749,206,527.6300
272518349092,6,213.8300
272518349092,67,419.9600
272518349092,121,187.6500
280944653636,166,388.8800
280944653636,187,268.7200
280944653636,216,254.6100
280950387878,27,566.1600
280950387878,82,530.5100
280950387878,98,647.0500
280950387878,157,499.0000
280950387878,187,371.8500
281755759045,28,9.1100
281755759045,130,18.8100
281755759045,146,13.3000
281755759045,154,14.9000
281755759045,163,12.3700
281857671697,98,35.6600
281857671697,125,38.0400
281857671697,143,31.5800
281857671697,223,29.1300
281857706687,21,33.3100
281857706687,81,28.7100
281857706687,92,18.8100
281857706687,109,29.5400
281857706687,192,52.3100
281857706687,208,32.5200
281857709703,58,28.1200
281857709703,75,39.1200
281857709703,80,38.7100
281857709703,83,26.7800
281857709703,211,22.2700
281857715968,7,35.9300
281857715968,113,19.5000
281857715968,146,26.2200
281857715968,176,38.8900
281857719749,48,18.0900
281857719749,62,33.4400
281857722717,31,22.2700
281857722717,57,30.4700
281857722717,84,35.8400
281857722717,92,59.9400
281857722717,198,39.8800
281857722717,213,34.1500
281896842730,96,32.4300
281896842730,116,22.7500
281896842730,176,34.8200
281896842730,208,24.5200
281918049355,126,23.7100
281918049355,131,21.9000
281918049355,147,31.7100
281918049355,148,26.6200
281918049355,159,19.5900
281923113593,36,98.9200
281923113593,52,94.8800
281923113593,99,77.1300
281923113593,110,69.7800
281923113593,112,60.4500
281923113593,141,113.4300
281923113593,221,53.6800
281954064846,16,210.9200
281954064846,68,149.8700
281954064846,108,123.9200
281954064846,143,131.0300
281959800709,27,36.7200
281959800709,29,23.1900
281959800709,115,21.7400
281959800709,155,15.5300
281970249057,73,40.0400
281970249057,126,40.0500
281970249057,150,20.0400
281970249057,165,27.6800
281972630235,18,24.1200
281972630235,27,7.9100
281972630235,94,19.3900
281972630235,102,13.6900
281972630235,216,31.8600
281973326846,93,176.4600
281973326846,208,107.0100
281974766906,7,12.0000
281974766906,56,7.3200
281974766906,81,12.2300
281974766906,109,10.9300
281974766906,118,9.6300
281974766906,121,6.6700
281974766906,169,13.1000
281976046909,55,12.6900
281976046909,61,9.3600
281976046909,96,12.5300
281976046909,106,18.7200
281976046909,140,10.7900
281976046909,162,20.6400
281976252586,105,5.8600
281976252586,157,9.8700
281976252586,180,13.8800
281994483946,24,35.7400
281994483946,70,25.3600
281994483946,149,18.7400
281994483946,182,23.0800
281994483946,190,23.2400
281994483946,197,24.2200
282003431893,90,13.8800
282003431893,186,19.0000
282017707693,2,476.7000
282017707693,131,405.0900
282017707693,160,650.1000
282017707693,164,984.8600
282017707693,192,597.7400
282044065082,9,15.1700
282044065082,146,15.4700
282044065082,216,17.0000
282051853377,20,23.0900
282051853377,109,21.9300
282051853377,110,19.2000
282051853377,213,24.4100
282051853377,223,20.2100
282065602857,85,223.8600
282065602857,127,323.5600
282065602857,160,148.7400
282092752274,197,349.5700
282095359953,12,5.3300
282095359953,158,4.8000
282095359953,184,5.2300
282123963200,5,26.3200
282123963200,29,33.5200
282123963200,122,23.5000
282123963200,146,35.7500
282130337620,82,26.7200
282130337620,90,34.3800
282130337620,93,28.3800
282130337620,204,29.1400
282147303910,170,47.6000
282147303910,212,17.0200
282147862846,6,31.0800
282147862846,104,26.3800
282147862846,202,40.0000
282152602690,10,11.2900
282152602690,56,20.4600
282152602690,100,13.2600
282152602690,120,12.0500
282152602690,143,14.7200
282152602690,177,17.4200
282152602690,178,14.9800
282196830877,26,145.7400
282196830877,30,134.7900
282196830877,44,152.0800
282196830877,46,110.1300
282196830877,63,81.4900
282196830877,94,143.5800
282196830877,140,132.6200
282196830877,145,182.8200
282196830877,150,98.7500
282196830877,161,98.6600
282196830877,217,69.9300
282196830877,221,85.1600
282200821657,69,12.5300
282200821657,141,18.1200
282200821657,194,18.2700
282221546598,8,48.6600
282221546598,148,35.1300
282221546598,169,33.8600
282221546598,207,30.5000
282221546598,219,26.4700
282223505860,29,105.9800
282223505860,83,222.2100
282223505860,143,103.8400
282223505860,149,92.3500
282223505860,193,109.4600
282223871955,26,41.8500
282223871955,52,32.0500
282223871955,84,37.1300
282223871955,98,29.6300
282241166449,127,25.3300
282241166449,170,35.5900
282241166449,182,20.8700
282241166449,202,26.0600
282247697232,16,19.0900
282247697232,20,17.4100
282247697232,27,19.9900
282247697232,39,17.3200
282247697232,212,24.6300
282249989274,171,68.2100
282250083480,20,26.9900
282250083480,109,46.6700
282250083480,192,67.1900
282250083480,213,37.3300
282265076740,29,15.6100
282265076740,63,17.5000
282265076740,65,15.8000
282265076740,118,15.4000
282265076740,123,11.0500
282268358808,7,31.9800
282268358808,73,50.5900
282268358808,140,42.3200
282273336489,39,74.8000
282273336489,169,42.3300
282273336489,209,69.6300
282299751457,82,25.1500
282299751457,142,26.1400
282299751457,174,19.8700
282299751457,193,17.5900
282299764840,62,33.8300
282299764840,123,24.3600
282299764840,130,32.5400
282299764840,152,37.0200
282299764840,166,29.6600
282304941939,17,14.7900
282304941939,161,13.1500
282304941939,172,13.7400
282306408957,90,298.7600
282306408957,130,545.5200
282306408957,159,254.1500
282306408957,167,320.0000
282306408957,195,270.5800
282315858927,11,41.5200
282315858927,119,46.1800
282315858927,187,52.7200
282315858927,206,58.6600
282315858927,207,62.2200
282315858927,212,57.7800
282319048608,16,19.2600
282319048608,27,16.1400
282319048608,118,9.9800
282319048608,145,29.8200
282319048608,158,24.0700
282319048608,174,21.9600
282319048608,176,23.6400
282319048608,211,18.9200
291172475758,19,346.4700
291172475758,20,302.3000
291172475758,46,233.2600
291172475758,62,256.9000
291172475758,68,350.9900
291269994471,47,171.2300
291269994471,74,180.9400
291269994471,113,226.7200
291269994471,141,185.9300
291390743486,8,26.7200
291390743486,132,31.5500
291390743486,138,22.2100
291390743486,152,21.1800
291390743486,188,30.0600
291390743486,195,17.2300
291499772128,7,200.8000
291499772128,79,243.0800
291499772128,115,385.6700
291499772128,151,398.3800
291499772128,175,337.3400
291499793311,32,189.1000
291499793311,70,178.5400
291499793311,142,132.0500
291566628069,66,101.9100
291566628069,85,115.9900
291566628069,144,133.1400
291566628069,164,206.3800
291566628069,188,93.0000
291685420454,10,101.5400
291685420454,17,170.4000
291685420454,19,65.9300
291685420454,47,103.8300
291685420454,129,173.4500
291685420454,165,119.9900
291685420454,186,148.1300
291705174452,61,41.5800
291705174452,64,33.9400
291705174452,115,41.5900
291705174452,141,41.4500
291705174452,159,35.3300
291705174452,192,36.5300
291744153749,65,3.7000
291744153749,69,2.4200
291744153749,128,1.4800
291744153749,152,3.4600
291755275899,71,80.8500
291952582717,9,47.3900
291952582717,52,38.2100
291974650372,101,27.5600
291974650372,152,24.4000
291974650372,170,19.8000
291974650372,206,17.4800
291974650372,215,16.0000
291978421856,152,8.1500
291990685140,1,1.1600
291990685140,46,2.0000
291990685140,50,2.0400
291990685140,127,2.2500
291991951898,160,14.3100
291991952213,142,17.0700
291991952213,208,11.1200
291991952213,219,16.0500
291992209046,52,1.2800
291992209046,120,2.4200
291992209046,146,1.3900
291992209046,150,0.9000
291996789002,80,35.2800
291996789002,140,40.2500
291996789002,152,62.9500
291996789002,196,22.8800
291997333096,74,220.0800
291997333096,144,460.7000
291997333096,169,397.5300
301696286238,67,88.7300
301696286238,137,57.9200
301696286238,147,104.7800
301696286238,185,108.7800
301735220970,137,48.3500
301762143389,36,109.5900
301762143389,92,88.4100
301762143389,113,96.4100
301762143389,160,159.6600
301762143389,192,139.2600
301762143389,208,98.4500
301762143389,212,113.9200
301780626657,39,148.6500
301780626657,54,112.5100
301780626657,71,163.0600
301780626657,93,175.6700
301780626657,210,133.1000
301781281218,12,24.5000
301781281218,42,34.4500
301791121913,32,110.9600
301791121913,68,79.1700
301791121913,74,55.5400
301791121913,100,68.8800
301791121913,120,74.4800
301801300588,74,494.0000
301801300588,94,214.7500
301801300588,213,143.2400
301869497915,29,3.0400
301869497915,99,1.3700
301869497915,155,2.6900
301869497915,216,1.5100
301922931659,30,67.4000
301922931659,124,68.6300
301922931659,192,50.1100
301922931659,214,85.6600
301927150467,53,10.9200
301927150467,69,26.8600
301927150467,176,28.8500
301927150467,193,29.1200
301927150467,199,22.3200
301934104713,14,63.7400
301934104713,21,53.6600
301934104713,74,42.4300
301934104713,106,54.1800
301934104713,188,58.8500
301972752884,3,266.8100
301972752884,4,125.7100
301972752884,76,139.2700
301972752884,177,180.7200
301972752884,201,190.2400
301973525048,23,139.3900
301973525048,93,114.4600
301973525048,120,178.2200
301973525048,169,162.1500
301973525048,179,171.4200
301973525048,193,77.3500
301973525048,195,178.4700
301975217438,44,87.6700
301975217438,62,86.3600
301975217438,71,83.1200
301975217438,115,121.4800
301975217438,131,83.1300
302006568815,88,31.4400
302006568815,106,16.2500
302006568815,219,16.1000
302021147066,8,18.0200
302021147066,18,14.2700
302021147066,64,14.3200
302021147066,121,10.1800
302021147066,160,18.2600
302049640637,118,78.0800
302049640637,150,113.4600
302065961376,89,425.6800
302065961376,109,422.5200
302065961376,115,261.5400
302065961376,154,378.7800
302065961376,182,395.0000
302065961376,203,340.9200
302065961376,213,349.2400
302112112360,14,402.7200
302112112360,59,279.9300
302112112360,105,228.7100
302112112360,108,318.2800
302112112360,114,267.4000
302112112360,136,372.5300
302112112360,169,308.5400
302112112360,214,390.5500
302165484854,65,22.2900
302165484854,73,28.3100
302165484854,81,33.7800
302165484854,109,27.5300
302165484854,113,30.5300
302165484854,203,26.3000
302165485575,6,20.9600
302165485575,15,27.0500
302165485575,64,24.3800
302167901878,33,18.1100
302167901878,53,26.6900
302167901878,93,20.3800
302167901878,153,31.4400
302167904168,13,8.7500
302167904168,47,7.6400
302167904168,107,10.7200
302167904168,122,9.3600
302167904168,139,6.3400
302167904168,171,7.6900
302167904168,213,9.8600
302167904674,181,8.7100
302169049944,12,104.1800
302169049944,19,139.1900
302169049944,74,81.0400
302169049944,176,124.6200
302169049944,203,124.7600
302184838142,12,104.2600
302184838142,107,73.4900
302184845941,2,44.6900
302184845941,8,55.7500
302184845941,31,63.1400
302184845941,172,62.8800
302184974744,7,34.9500
302184974744,13,34.1400
302184974744,80,36.0500
302184974744,96,34.7700
302187047156,21,31.8500
302187047156,50,28.3500
302187047156,146,29.7100
302187047156,199,24.3400
302189857534,122,12.6600
302189857534,160,16.2700
302189857534,208,16.5400
302189857534,214,22.7500
302191942225,159,86.7600
302191942225,177,135.2400
302191942225,196,121.8200
302193372033,68,137.4500
302193372033,95,117.1700
302193372033,125,148.1900
311427251694,14,378.1200
311427251694,122,308.5100
311621267957,13,124.5400
311621267957,29,206.5500
311621267957,80,124.4200
311621267957,135,193.5700
311621267957,142,103.7600
311621267957,150,172.4900
311621267957,166,112.6500
311621267957,183,128.6000
311640800258,93,8.9500
311708349978,91,71.1600
311708349978,110,46.7600
311708349978,202,42.9100
311708349978,214,35.9100
311736812693,8,24.6000
311736812693,92,34.1900
311736812693,106,16.3100
311736812693,197,37.1800
311775226394,43,8.4700
311775226394,53,8.1100
311775226394,71,8.6900
311775226394,171,7.2600
321696518647,21,14.0300
321696518647,35,11.5800
321696518647,38,10.8300
321696518647,44,12.8100
321696518647,122,12.4500
321696518647,125,15.3500
321696518647,188,16.1500
321696518647,201,16.8300
321696518647,204,14.9200
322011308807,35,4.9300
322011308807,203,3.8600
322073623705,83,55.7000
322073623705,200,91.7900
322073623705,210,76.3900
322112040296,87,6.2000
322142658451,43,10.1300
322142658451,65,10.1600
322142658451,153,12.7600
322142658451,215,8.1800
322142658451,216,12.4100
322203613912,164,104.2100
322203613912,223,97.5100
322218312481,39,15.5300
322218312481,55,16.6900
322239030600,120,9.3300
322239030600,129,5.1500
322239030600,137,7.6700
322239030600,214,5.9200
322256802770,16,17.5700
322257692273,146,13.9400
322282765845,19,106.0700
322282765845,112,117.9800
322282765845,127,87.3100
322282765845,136,90.9700
322282765845,161,96.0900
322282765845,214,88.2500
322289030753,6,11.7100
322289030753,46,23.8600
322289030753,84,15.5700
322289030753,100,22.0800
322313909695,11,13.0200
322313909695,88,29.0000
322313909695,92,25.0500
322313909695,135,21.5700
322313909695,139,24.5400
322313909695,218,31.1900
322345545312,82,7.4800
322345545312,222,14.4400
322360791778,46,4.3300
322360791778,76,5.0700
322360791778,99,4.0000
322360791778,100,7.5500
322360791778,129,5.1800
322360791778,149,5.2600
322360791778,216,6.9600
322371714706,15,68.2000
322371714706,63,56.9500
322371714706,114,51.6100
322371714706,206,39.2700
330520935927,97,93.5900
330520935927,142,167.5800
330520935927,170,142.4600
330681955149,118,323.4200
330681955149,157,253.7300
330681955149,178,380.4900
331755540514,69,134.9300
331755540514,126,114.8700
331755540514,192,102.1100
331800250051,65,19.5800
331800250051,179,10.1400
331800250051,207,18.1900
331800250051,212,14.5700
331901087540,100,6.7200
331901087540,105,5.4100
331901087540,114,7.3700
331926473086,2,11.2200
331926473086,32,11.0100
331926473086,133,12.8500
331926473086,194,16.5300
331953142365,17,19.2700
331953142365,28,13.1300
331953142365,111,24.3300
331953142365,118,5.9200
331953142365,135,5.9900
331953142365,141,19.4600
331953142365,143,20.1600
331953142365,172,9.4000
331953142365,181,8.8900
331966219187,62,12.5900
331966219187,69,6.5900
331966219187,84,9.6600
331966219187,110,7.1600
331966219187,172,15.2900
332012732126,5,31.1800
332012732126,98,34.4400
332012732126,218,46.9100
332015517471,32,65.6300
332015517471,33,90.5000
332015517471,46,77.4200
332015517471,156,69.9200
332015517471,170,96.3400
332015517471,215,104.6200
332034565856,46,12.8300
332034565856,61,8.7100
332034565856,113,9.9500
332034565856,160,8.7800
332034565856,173,9.6700
332034565856,221,7.8600
332034565856,222,11.9000
332067804116,27,2.6500
332067804116,30,3.0100
332067804116,56,3.4500
332067804116,72,3.8000
332067804116,99,3.6100
332067804116,120,4.2200
332067804116,162,3.2700
332073261265,64,12.2400
332073261265,106,14.9900
332073261265,109,17.0000
332073752686,78,4.3000
332073752686,94,7.4100
332073752686,162,4.5900
332073752686,202,6.1800
332073767641,3,13.0100
332073767641,33,16.3700
332073767641,147,26.7700
332073767641,173,18.2600
332073767641,190,20.8700
332073767641,216,21.1200
332081675065,8,48.7000
332081675065,26,56.0800
332081675065,71,40.1900
332081675065,134,59.9200
332081675065,148,71.8400
332081675065,150,33.6700
332081675065,171,51.6200
332081675065,186,51.4400
332081675073,106,239.1900
332081675073,126,133.9400
332081675073,155,337.0100
332081675073,194,264.4800
332081675073,204,128.0900
332082719526,7,1313.8500
332082719526,12,1462.7000
332082719526,118,493.7700
332082719526,173,868.7900
332082719527,28,436.7700
332082719527,49,505.8100
332082719527,73,441.6400
332082719527,176,612.7200
332082870683,3,7.6200
332082870683,23,10.4800
332082870683,72,6.3300
332082870683,181,9.3300
332082870683,188,7.7500
332083571724,9,30.3900
332083571724,29,24.4400
332083571724,33,33.4300
332083571724,106,24.0300
332083571724,163,39.2900
332083571724,186,15.4700
332086886724,36,1.1200
332086886724,46,1.0000
332086886724,56,0.7300
332086886724,122,0.6300
332086886724,165,1.3500
332086886724,168,0.7300
332087528098,22,14.0600
332087528098,25,9.6500
332087528098,48,11.9400
332087528098,109,18.3800
332087528098,112,11.3700
332087537235,28,14.2100
332087537235,152,12.4200
332087584877,146,20.0100
332087584877,157,12.4600
332087782935,54,210.2300
332087782935,127,307.9600
332087905113,101,184.2800
332088053512,25,45.8600
332088053512,43,38.6000
332088053512,112,44.8700
351345366905,61,14.4300
351345366905,117,22.0200
351345366905,191,27.0800
351517538755,36,11.4900
351517538755,61,11.7100
351517538755,75,8.9000
351517538755,169,9.5400
351517538755,207,10.9200
351568000654,82,9.2900
351568000654,108,5.5700
351568000654,109,4.2100
351568000654,144,6.8400
351569025560,25,4.3600
351569025560,32,3.8400
351569025560,38,6.0200
351569025560,172,9.8300
351569025560,179,11.0300
351569025560,220,7.8500
351594708791,12,6.0200
351594708791,87,3.6500
351594708791,100,4.9800
351594708791,108,5.9000
351594708791,133,6.0000
351594708791,185,6.2400
351594708791,203,6.8100
351610771318,26,70.7400
351610771318,91,82.0500
351610771318,114,63.5400
351652453003,9,22.2800
351652453003,122,16.9400
351652453003,140,17.2600
351652453003,195,20.9400
351670114368,12,5.9500
351670114368,17,10.1100
351670114368,86,9.7500
351670114368,108,8.0800
351670114368,198,4.4300
351670114368,210,14.7500
351670114368,220,6.6000
351694485948,14,15.9000
351694485948,61,15.2000
351694485948,166,14.9100
351694485948,215,16.5500
351694485948,223,19.7600
351706301248,6,7.1400
351706301248,8,7.7000
351706301248,14,8.2000
351706301248,45,6.4000
351706301248,66,9.2000
351706301248,139,7.4700
351706301248,198,5.9300
351707192689,56,9.8800
351707192689,125,32.2700
351718250672,6,11.8400
351718250672,142,12.5800
351745631473,6,2.5900
351745631473,36,4.7000
351745631473,80,2.7600
351745631473,97,2.9600
351745631473,173,3.2700
351745631473,211,2.9800
351770400769,93,15.6700
351770400769,119,18.9300
351770400769,158,12.6200
351770400769,188,11.8400
351823055853,12,8.3700
351823055853,46,8.9800
351823055853,219,12.2300
351841143695,16,15.1100
351841143695,55,13.9900
351841143695,218,10.8700
351927452351,40,18.1700
351927452351,125,11.3600
351927452351,147,11.9100
360989954899,15,5.9500
360989954899,133,8.2700
361027279284,6,11.8700
361027279284,20,18.0200
361027279284,42,13.4600
361027279284,156,17.0200
361074286325,9,43.0500
361074286325,49,55.3300
361074286325,85,71.7600
361074286325,105,107.2900
361074286325,179,76.9000
361074286325,194,50.6000
361132097605,2,15.1400
361132097605,3,6.3200
361132097605,7,9.8500
361132097605,60,13.2000
361132097605,119,10.5400
361139598805,6,27.9500
361139598805,64,24.0300
361139598805,114,33.2900
361139598805,165,26.8300
361139598805,220,30.3300
361165625551,20,13.6100
361165625551,129,12.2300
361165625551,133,11.0400
361165625551,174,18.7500
361165625551,182,14.6900
361165625551,221,16.2900
361230086996,11,17.2100
361230086996,41,27.1300
361230086996,45,15.4600
361230086996,78,14.7600
361230086996,156,38.8300
361230086996,212,18.6600
361230086996,223,24.9300
361232372273,31,141.8200
361232372273,35,242.6900
361232372273,62,101.5500
361232372273,69,109.0400
361232372273,109,174.6800
361232372273,217,173.5700
361240535875,1,7.0800
361240535875,144,5.6000
361240535875,154,8.4300
361240535875,167,9.7800
361240535875,187,8.1300
361240535875,202,8.1700
361252428946,19,13.7900
361252428946,91,9.2200
361252428946,153,6.4600
361252428946,159,7.8800
361252437963,62,28.0700
361252437963,64,22.5700
361252437963,106,28.1300
361252437963,117,29.6300
361252437963,141,27.8200
361275533528,68,352.1100
361275533528,204,261.7300
361314242481,86,19.9700
361314242481,145,19.8900
361314242481,151,15.4600
361385562373,1,8.3600
361385562373,34,9.8100
361385562373,127,9.8000
361385562373,178,16.8200
361385562373,212,10.1000
361446911853,32,16.3000
361446911853,34,15.4400
361446911853,41,16.8500
361446911853,46,13.8100
361446911853,54,17.6700
361451700816,13,173.3600
361451700816,32,153.6800
361451700816,36,268.1200
361451700816,50,247.3900
361451700816,70,156.4600
361451700816,108,164.9900
361451700816,161,195.9900
361451700816,178,137.6100
361451700816,184,135.9900
361487729393,6,33.0800
361487729393,99,16.4100
361487729393,107,35.9600
361487729393,128,21.1600
361487729393,186,19.9500
361487729393,211,36.6300
361496731893,141,22.4000
361496731893,175,18.3300
361496735276,15,50.0700
361496735276,65,38.9500
361496735276,89,35.9100
361496735276,104,35.7600
361496735276,178,27.9900
361535994526,31,32.0100
361535994526,177,18.6700
361535994526,210,16.3600
361548139554,6,24.6100
361548139554,66,42.2800
361548139554,186,25.9600
361548139554,204,30.0600
361548139554,207,24.2600
361587649523,52,6.4000
361587649523,107,8.3800
361587649523,166,7.6100
361587649523,200,8.7600
361790699411,198,7.4800
361834713807,18,16.5900
361834713807,151,16.6200
361834713807,164,19.6700
361834713807,196,11.9000
361859361416,32,10.0300
361859361416,69,7.9000
361859361416,72,7.7600
361859361416,111,8.7700
361859361416,156,7.8900
361859361416,180,9.7700
361861216618,1,13.5200
361861216618,16,10.3900
361861216618,42,13.2600
361861216618,128,8.0700
361861216618,149,23.8600
361861216618,203,11.2000
361863815869,111,5.4700
361863815869,131,4.2000
361863815869,148,5.8700
361863815869,158,7.9400
361863815869,174,6.6300
361875496277,72,8.3400
361875496277,78,13.1400
361875496277,88,11.0500
361875496277,110,9.0400
361875496277,172,10.3000
361875496277,212,11.0300
371216799527,27,94.2200
371216799527,56,102.6600
371216799527,117,100.8200
371216799527,145,92.2900
371216799527,177,78.7300
371216799527,188,118.3400
371301765508,46,6.5500
371301765508,47,7.5100
371301765508,125,11.1600
371301765508,168,10.1300
371302513437,104,11.5300
371302513437,179,9.1600
371302513437,189,8.4300
371302513437,213,5.6600
371333764620,10,31.4100
371333764620,11,33.4300
371333764620,100,25.8800
371333764620,102,16.3500
371333764620,136,25.5500
371333764620,213,22.6700
371333764620,215,38.3400
371447414832,7,22.0700
371447414832,12,13.4800
371447414832,70,14.5500
371447414832,71,20.4700
371447414832,101,19.7400
371584858420,1,75.1500
371584858420,134,55.6200
371584858420,178,67.3600
371588751254,20,45.8700
371588751254,66,92.8900
371588751254,130,55.6700
371588751254,146,91.7600
371588751254,149,49.5900
371588751254,176,62.5300
371588751254,202,56.6900
371588751254,203,77.5700
371595308109,101,44.5000
371595308109,207,42.5100
371675170735,37,83.5100
371675170735,50,110.6000
371675170735,163,97.0600
371675170735,190,106.4100
371676214368,35,8.5600
371676214368,43,15.3000
371676214368,190,11.1500
371836695727,151,67.6200
381652194744,2,243.2800
381652194744,52,229.1400
381652194744,56,287.0200
381652194744,171,328.0900
381652194744,175,191.1700
381652194744,199,209.5000
381803500766,39,12.0500
381803500766,110,13.1200
381884877591,12,217.6000
381884877591,134,176.6600
381884877591,176,181.9600
381884877601,96,205.5000
381884877601,110,118.1200
381884877601,131,175.4400
381884877601,210,127.3300
391367941805,22,13.3600
391367941805,69,19.3300
391367941805,162,9.7000
391367941805,201,16.9400
391367941805,221,14.9900
391436417262,13,278.8500
391436417262,139,215.9600
391436417262,191,190.6800
391436417262,213,216.7200
391551032346,16,8.8500
391551032346,18,9.6500
391551032346,45,14.1200
391551032346,66,9.5400
391551032346,69,7.8900
391551032346,92,7.4100
391551032346,94,7.4600
391551032346,177,9.3800
391551032514,8,163.3700
391551032514,193,185.4900
391551032514,201,337.5000
391573880984,10,89.5000
391573880984,40,102.7100
391573880984,52,102.0600
391573880984,107,132.0900
391573880984,122,129.0300
391573880984,123,125.4200
391573880984,172,100.6500
391573880984,199,129.5900
391652931084,61,79.7600
391652931084,135,68.8500
391652931084,216,77.1400
391652931084,218,59.8400
391652952305,20,14.3400
391652952305,36,15.1700
391652952305,58,9.8100
391652952305,221,7.3500
391656242609,43,3.0800
391656242609,69,3.9200
391656242609,110,7.2100
391656242609,113,8.3300
391656242609,157,3.9600
400440107498,32,22.7000
400440107498,65,32.3500
400440107498,69,47.4300
400440107498,87,43.8700
400440107498,190,44.9500
400440107498,193,30.9500
400440107498,218,62.8800
400440107498,222,44.9900
400905608764,17,12.1800
400905608764,33,13.9600
400905608764,41,13.9700
400905608764,169,13.7500
401133577766,173,7.4900
401133577766,222,6.4800
401134792271,41,29.4500
401134792271,119,14.6600
401134792271,185,22.0800
401134792271,214,14.5000
401134792271,215,12.0300
401144593068,54,20.8800
401144593068,65,17.4900
401144593068,84,14.7400
401144593068,85,17.7400
401144593068,111,19.9900
401144593068,142,19.5600
401144593068,148,20.9800
401144593068,162,22.3300
401144593068,171,10.7900
401144593068,191,13.5900
401144593068,197,17.9500
401144593068,212,13.8700
401186632163,61,24.0600
401186632163,125,26.3300
401188601371,143,4.7000
401188601371,150,8.2000
401188601371,152,5.8900
401188601371,155,7.3000
